recno,Seq,Name,ID,GaiaDR3,inrj,inrt,Prob,RA_ICRS,e_RA_ICRS,DE_ICRS,e_DE_ICRS,GLON,GLAT,pmRA,e_pmRA,pmDE,e_pmDE,Plx,e_Plx,pscol,e_pscol,PlxpmRACor,PlxpmDECor,pmRApmDECor,PlxpscolCor,pmRApscolCor,pmDEpscolCor,Solved,ELAT,nueff,RUWE,FidelityV1,FG,e_FG,FBP,e_FBP,FRP,e_FRP,Gmag,BPmag,RPmag,BP-RP,BP-G,G-RP,RV,e_RV,n_RV,o_RV,o_RVd,GRVSmag,e_GRVSmag,o_GRVSmag,Vbroad,e_Vbroad,o_Vbroad,VarFlag,NSS,RVS,Mass2.5,Mass16,Mass50,Mass84,Mass97.5,_RA.icrs,_DE.icrs
10214,10213,Alessi_13,76,4733385192366487424,0,0,0.5963071211300431,48.3743583,0.03310095,-56.4586232,0.03140806,272.0507938,-51.2904584,38.94863892,0.04481975,4.18675405,0.04150461,10.08155885,0.03563696,,,0.23287,-0.12591,0.087382,,,,31,-68.2795745,1.2152233,1.0664533,1.0,6655.13374912,5.160824,754.04089289,7.5619698,9527.3600772,18.200514,16.129475,18.145056,14.800464,3.344592,2.015581,1.329011,,,,,,,,,,,,NOT_AVAILABLE,0,0,0.17588871,0.19481848,0.2275396,0.26589267,0.29769255,48.37404501,-56.4586418
10215,10214,Alessi_13,76,4734504112949828992,0,0,0.5904379715555479,46.19903487,0.00997582,-55.0330088,0.01062414,271.2829431,-53.1096602,40.46818275,0.01122977,2.19010416,0.01334982,10.37703782,0.01170033,,,0.16356,-0.042682,0.10893,,,,31,-66.4047416,1.3731498,1.1838577,1.0,262706.08499847,258.2939,85216.78663688,318.19507,259368.99809048,618.7736,12.138692,13.012229,11.2131,1.799128,0.873537,0.925591,16.145813,1.397528,1.0,32.0,3.0,10.822471,0.02235525,29.0,31.710066,20.144028,11.0,NOT_AVAILABLE,0,1,0.70277569,0.72760582,0.76834885,0.79049205,0.83991794,46.19872104,-55.0330186
10216,10215,Alessi_13,76,4739913851893729152,0,0,0.5945763566666861,37.58728476,0.01275998,-55.4129856,0.01341299,277.4208394,-56.5408073,43.87763152,0.01599363,-3.05814505,0.01812952,10.602447,0.01483022,,,-0.0033318,-0.16683,-0.11422,,,,31,-63.260661,1.2649372,1.3191189,1.0,53010.59007867,47.173996,9662.42253345,44.47319,67330.64941178,141.04834,13.87646,15.375827,12.677363,2.698463,1.499367,1.199097,18.417595,2.993377,2.0,28.0,9.0,12.083197,0.02097588,21.0,,,,NOT_AVAILABLE,0,1,0.45448245,0.52563815,0.57663056,0.61855984,0.6440244,37.58694122,-55.412972
10217,10216,Alessi_13,76,4740872694752650752,0,1,0.6298211842972261,43.8979961,0.03001151,-53.8648506,0.03199386,271.0270055,-54.8792168,40.59670093,0.0381856,-0.08855296,0.0443652,10.25954743,0.03512388,,,-0.052587,-0.20839,-0.096264,,,,31,-64.639001,1.2181649,1.238825,1.0,8443.2677756,12.2398615,1009.6763276,15.127126,11978.7745212,46.689457,15.871091,17.828087,14.551865,3.276222,1.956996,1.319226,,,,,,,,,,,,NOT_AVAILABLE,0,0,0.19497509,0.21744974,0.25429438,0.29437976,0.33195112,43.89769013,-53.8648502
10218,10217,Alessi_13,76,4747940596014525312,0,1,0.6932264780244972,43.10984851,0.01230067,-52.4187731,0.01350383,269.4815859,-56.1236692,42.71121688,0.01502857,-1.04969406,0.01700252,10.68410291,0.01499065,,,0.23876,-0.12606,-0.0016776,,,,31,-63.238249,1.268108,1.6859292,1.0,105174.96902773,42.65104,19341.23229553,39.607246,132928.25084975,93.68269,13.132586,14.622332,11.938852,2.683479,1.489746,1.193733,17.62185,7.608187,1.0,36.0,4.0,11.386545,0.01286209,32.0,6.780557,13.251299,20.0,NOT_AVAILABLE,0,1,0.61171017,0.66650165,0.69379625,0.708844,0.72331233,43.10953726,-52.4187684
10219,10218,Alessi_13,76,4749917414841831296,0,1,0.6299243497019942,49.11420889,0.03775164,-48.4229757,0.0403026,259.9927303,-54.8232008,40.88548708,0.04578881,0.4609558,0.04990855,10.65700044,0.04460172,,,0.065464,-0.031387,-0.10334,,,,31,-62.3631128,1.2066767,1.0789549,1.0,5626.32846892,6.0635414,598.00837769,14.493332,8222.9306878,25.331656,16.311804,18.396774,14.960329,3.436445,2.084971,1.351475,,,,,,,,,,,,NOT_AVAILABLE,0,0,0.16515262,0.18018278,0.2097776,0.24662091,0.27626687,49.11393507,-48.4229778
10220,10219,Alessi_13,76,4750802006306160768,0,1,0.7090778784362731,48.36817812,0.03821991,-47.1654668,0.04750015,258.3203267,-55.7857158,40.38469434,0.04521332,-0.53094958,0.06229633,10.59665644,0.04816012,,,0.082292,-0.12995,-0.082597,,,,31,-61.0384065,1.2027776,0.9846028,1.0,3206.58413424,3.0066566,328.65306853,9.414438,4713.26643563,13.627273,16.92226,19.046698,15.56459,3.482107,2.124437,1.35767,,,,,,,,,,,,NOT_AVAILABLE,0,0,0.12817276,0.14192557,0.16155956,0.18908364,0.21596894,48.36791412,-47.1654645
10221,10220,Alessi_13,76,4751735045001671936,0,1,0.6625931258970418,41.78160284,0.02187528,-49.2435645,0.02403274,265.5749598,-58.6451905,47.16939443,0.02737694,-3.31460715,0.03262853,11.29632002,0.02747092,,,0.269,-0.13993,-0.076696,,,,31,-60.2284984,1.2385674,1.1022573,1.0,13406.0051684,9.240987,1932.09819372,11.642199,18116.02361532,33.54382,15.369119,17.123468,14.102738,3.02073,1.75435,1.26638,,,,,,,,,,,,VARIABLE,0,0,0.25026942,0.27105011,0.3135376,0.36531569,0.41842929,41.78128172,-49.2435497
10222,10221,Alessi_13,76,4754374800621153664,0,1,0.5929937238884503,47.46588871,0.02019058,-44.4915872,0.02257965,254.2364951,-57.363041,35.50423622,0.02431999,-2.05609483,0.03003094,9.09993724,0.02640574,,,0.17795,-0.23398,-0.15135,,,,31,-58.4373201,1.2460252,1.0892351,1.0,13159.65684755,6.853778,2009.13410768,10.119264,17452.27686918,19.386211,15.389256,17.08102,14.143266,2.937755,1.691765,1.24599,,,,,,,,,,,,NOT_AVAILABLE,0,0,0.24757582,0.26831594,0.31139923,0.36190395,0.41551768,47.46566751,-44.4915781
10223,10222,Alessi_13,76,4755198025592857088,0,1,0.8505621678821695,43.21327685,0.01699366,-43.9783134,0.01854428,255.5712363,-60.3746495,40.91802329,0.01937912,-4.95034861,0.02459683,10.08745198,0.02149849,,,0.045607,-0.11857,-0.2169,,,,31,-56.4165351,1.2528796,1.1244174,1.0,18001.38347145,9.026179,2972.68929024,11.297825,23520.68876569,23.898218,15.049102,16.655668,13.81927,2.836398,1.606566,1.229832,6.162275,6.370263,2.0,17.0,7.0,13.151332,0.0811487,12.0,,,,NOT_AVAILABLE,0,0,0.28415242,0.32191719,0.35861945,0.43023806,0.46152107,43.21302413,-43.9782914
10224,10223,Alessi_13,76,4755198025592857216,0,1,0.8883623160499113,43.21289199,0.02617087,-43.9791356,0.02860136,255.5729821,-60.3745602,39.97763709,0.02972145,-4.59960788,0.03811597,10.06571004,0.0333133,,,0.029442,-0.13179,-0.19139,,,,31,-56.4170902,1.2240064,1.0655508,1.0,8074.78249336,6.5900745,1042.14699622,17.23108,11499.30793251,39.732887,15.919539,17.79372,14.596216,3.197504,1.874181,1.323323,,,,,,,,,,,,NOT_AVAILABLE,0,0,0.19139639,0.21387639,0.24914177,0.28893538,0.32445706,43.21264508,-43.9791152
10225,10224,Alessi_13,76,4755745925980823296,0,1,0.7855069881080821,44.76377517,0.01230408,-42.5458458,0.01326408,252.0471764,-59.8782031,42.13385526,0.01566372,-4.86691901,0.01825069,10.6250209,0.01515621,,,0.075884,-0.0604,-0.17985,,,,31,-55.7662587,1.2578797,1.1372443,1.0,40085.59209187,34.90726,6890.43992646,31.696396,51681.63889988,94.24382,14.179896,15.742925,12.964555,2.77837,1.563028,1.215342,19.894705,4.066154,2.0,22.0,8.0,12.355106,0.03359464,17.0,,,,NOT_AVAILABLE,0,0,0.39538208,0.47576053,0.51387518,0.57633678,0.59169054,44.76352099,-42.5458242
10226,10225,Alessi_13,76,4755745925980823680,0,1,0.832503891607677,44.75642524,0.0194749,-42.5390194,0.02206817,252.0381871,-59.8856582,42.22727294,0.02611695,-5.21942998,0.03014636,10.60595883,0.0253358,,,0.028374,-0.082227,-0.18392,,,,31,-55.7576363,1.2369632,1.0388006,1.0,13137.63566543,22.178183,1877.61163758,20.590645,17778.36593525,90.03536,15.391074,17.154528,14.123166,3.031362,1.763454,1.267908,19.397165,7.329099,2.0,18.0,5.0,13.451054,0.09468883,18.0,,,,NOT_AVAILABLE,0,0,0.24757582,0.26831594,0.31139923,0.36190395,0.41551768,44.75617053,-42.5389962
10227,10226,Alessi_13,76,4831585702579099904,0,1,0.6390505472012104,58.89192969,0.01537491,-47.9046099,0.01624628,255.820993,-48.8123175,36.34341557,0.02030975,5.35699634,0.02466904,10.91663797,0.01707937,,,0.18893,-0.085512,-0.27766,,,,31,-65.3824991,1.2576369,1.2042485,1.0,35307.66359911,50.125427,6049.89538076,44.414986,45881.71801045,164.41122,14.317695,15.884172,13.093797,2.790376,1.566478,1.223898,4.48141,3.087118,2.0,21.0,3.0,12.519708,0.04830192,18.0,,,,NOT_AVAILABLE,0,0,0.372717,0.45065186,0.48650916,0.55428139,0.56965435,58.89168874,-47.9046337
10228,10227,Alessi_13,76,4832545026474596224,0,1,0.6160586726696241,56.29826073,0.02840418,-49.8556068,0.03048712,259.4154488,-49.9246247,37.31804601,0.03706877,5.33155346,0.04138444,10.79699597,0.03194193,,,0.11836,-0.21094,-0.12714,,,,31,-66.1626855,1.219506,1.0655457,1.0,7777.71008699,10.437097,944.83357008,10.051327,10983.91803032,42.677204,15.960238,17.900154,14.646003,3.254151,1.939917,1.314235,,,,,,,,,,,,NOT_AVAILABLE,0,0,0.1878177,0.2099021,0.24515761,0.28432683,0.31910416,56.29800348,-49.8556305
10229,10228,Alessi_13,76,4835911731078860672,0,1,0.6139084576604618,56.22492794,0.02660064,-45.2552991,0.02788857,252.4532666,-51.1988862,40.39791972,0.03215021,5.57369357,0.03705305,11.55801326,0.03120096,,,0.18891,-0.17588,-0.27753,,,,31,-62.177507,1.2462001,1.0923728,1.0,8656.62744236,4.6470346,1366.03198671,11.674222,11466.99932656,13.251696,15.843995,17.49989,14.599271,2.900619,1.655894,1.244724,,,,,,,,,,,,NOT_AVAILABLE,0,0,0.19736089,0.22085245,0.25711862,0.29738437,0.33623344,56.22467288,-45.2553239
10230,10229,Alessi_13,76,4838343163604983168,0,1,0.6819798937719544,60.97419217,0.01701571,-44.6573041,0.0178473,250.6111684,-48.0011535,31.75706169,0.02017383,3.6221613,0.02502228,9.79984361,0.01948583,,,0.14123,-0.06887,-0.20361,,,,31,-63.1606726,1.2758396,2.136638,1.0,77892.32984166,59.575916,15576.57009161,90.23245,97409.42866782,247.61575,13.458631,14.857363,12.276393,2.58097,1.398732,1.182238,15.643732,35.59265,1.0,20.0,2.0,11.694105,0.05346728,18.0,,,,NOT_AVAILABLE,0,0,0.53309631,0.61641857,0.6459221,0.67214973,0.70349035,60.97399375,-44.6573202
10231,10230,Alessi_13,76,4838343163605429760,0,1,0.6399080430665637,60.97279866,0.01159575,-44.658754,0.01212126,250.6135208,-48.0019329,31.76119903,0.01387828,2.38820325,0.01686501,9.87391238,0.01329622,1.5272305,0.00348183,0.10707,-0.019241,-0.19063,-0.0025711,0.025008,0.038571,95,-63.1615596,,1.2301626,1.0,1549961.57356369,2317.579,788846.92096275,3954.021,1089175.83125563,3975.8335,10.211564,10.596061,9.65515,0.94091,0.384497,0.556414,18.510769,1.38071,1.0,22.0,10.0,9.437892,0.01201737,9.0,92.1092,6.7625985,8.0,NOT_AVAILABLE,0,1,0.9783605,0.9783605,1.06891669,1.10506241,1.25720239,60.9726002,-44.6587647
10232,10231,Alessi_13,76,4839139553621190784,0,1,0.6390505472012104,65.69042958,0.05083713,-44.5477112,0.05984129,249.9356497,-44.6743889,29.84929902,0.06362055,5.50953508,0.0731286,9.97993739,0.06421288,1.4741666,0.01701903,0.27087,-0.21594,-0.1926,0.11488,0.0067261,0.028537,95,-64.4174018,,5.718005,1.0,1259936.53799272,2878.5576,617181.64520422,5115.272,917207.89133289,5042.821,10.436495,10.86251,9.841726,1.020783,0.426015,0.594768,16.917894,1.90406,1.0,20.0,4.0,9.618976,0.01291851,16.0,,,,NOT_AVAILABLE,0,1,0.93479927,0.97466453,1.02312024,1.10047167,1.17630063,65.69024343,-44.5477357
10233,10232,Alessi_13,76,4840411585494767744,0,1,0.6096391419445145,64.16043446,0.04375885,-42.1106878,0.04573064,246.5751565,-45.9363254,28.71326883,0.05572082,3.62587954,0.0627303,9.28946228,0.05128809,,,0.061144,-0.23714,-0.20125,,,,31,-61.7412952,1.2008498,1.0465491,1.0,4229.21633818,4.4659348,415.96616236,9.495947,6204.8368915,13.710971,16.621717,18.790897,15.266069,3.524828,2.16918,1.355648,,,,,,,,,,,,NOT_AVAILABLE,0,0,0.14487334,0.15958027,0.18294828,0.21571813,0.24522239,64.16026244,-42.1107039
10234,10233,Alessi_13,76,4841603146861616896,0,1,0.6139084576604618,59.62376146,0.03932938,-43.4214493,0.04176899,248.9620286,-49.1320113,34.28555907,0.05156083,1.51787293,0.06333563,10.68970028,0.04647867,,,0.15629,0.014002,-0.28439,,,,31,-61.6292813,1.2694325,5.273539,1.0,102342.99910665,103.63005,19675.02622391,67.145775,134171.95790613,196.48982,13.162222,14.603754,11.928741,2.675013,1.441532,1.23348,11.716736,6.839836,1.0,12.0,5.0,11.343372,0.02656939,7.0,,,,NOT_AVAILABLE,0,1,0.60456346,0.66054605,0.68931693,0.70707328,0.72133013,59.62355166,-43.421456
10235,10234,Alessi_13,76,4841782947075852032,0,1,0.655818476728266,58.44145907,0.0081505,-42.8383687,0.00824471,248.2527068,-50.0664256,37.0517048,0.00970589,1.81201335,0.01180522,10.97602867,0.00968661,,,0.10907,-0.076527,-0.13032,,,,31,-60.7349977,1.3103192,1.1119581,1.0,104245.58252192,71.83644,25265.56240924,83.88772,119817.33415299,235.12573,13.142222,14.33222,12.051597,2.280623,1.189998,1.090626,16.272177,2.933534,1.0,21.0,11.0,11.518735,0.01858528,10.0,,,,NOT_AVAILABLE,0,0,0.60932793,0.66577704,0.69238922,0.7082913,0.72232123,58.4412345,-42.8383767
10236,10235,Alessi_13,76,4841782951372182528,0,1,0.6420450503398756,58.44201695,0.09547911,-42.837844,0.10060275,248.2518088,-50.0660934,36.73189829,0.11030038,1.91415167,0.16479477,11.16941679,0.11295386,1.1680864,0.02947095,0.074679,-0.10109,-0.011342,-0.11781,0.01895,-0.043762,95,-60.7346972,,1.2935388,1.0,1652.83687794,3.3386335,481.75929884,61.51134,4027.55240394,305.42535,17.641792,18.631468,15.735292,2.896175,0.989675,1.9065,,,,,,,,,,,,NOT_AVAILABLE,0,0,0.0947716,0.10965774,0.12311498,0.13931263,0.15746204,58.44179432,-42.8378525
10237,10236,Alessi_13,76,4841875168613813248,0,1,0.6800442924581412,59.14971087,0.01819812,-42.5551948,0.0204531,247.7116969,-49.587534,34.99671435,0.02301859,1.97297165,0.02899825,10.5582543,0.02234814,,,0.10106,-0.098691,0.0060978,,,,31,-60.6974998,1.2391007,1.1329395,1.0,17139.33327336,9.754029,2487.84859731,13.814696,23144.16535752,30.015455,15.102382,16.848982,13.836792,3.01219,1.7466,1.26559,20.736158,4.878123,2.0,23.0,4.0,13.180535,0.05528406,25.0,,,,NOT_AVAILABLE,0,0,0.26271227,0.3144784,0.34985645,0.42142812,0.43984739,59.14949972,-42.5552036
10238,10237,Alessi_13,76,4842708052968225280,0,1,0.6186519969534686,58.00027814,0.03468865,-42.1056184,0.03774641,247.1849597,-50.487377,30.11892595,0.04519103,1.49225519,0.05823371,8.84029975,0.04153652,,,-0.026936,-0.025099,-0.2323,,,,31,-59.9333872,1.2206985,1.1803534,1.0,7118.6062797,8.182481,878.88337198,10.65688,10167.6165952,45.40177,16.05638,17.978714,14.729848,3.248866,1.922335,1.326531,,,,,,,,,,,,NOT_AVAILABLE,0,0,0.18066031,0.20170367,0.23525492,0.27357357,0.30732777,58.00009771,-42.1056251
10239,10238,Alessi_13,76,4842913902160748416,0,1,0.7600890405952657,56.91635556,0.04168825,-41.2337302,0.04333931,245.977045,-51.4020194,33.15545005,0.05315076,0.44894402,0.06357962,9.3676316,0.05049722,,,0.1308,-0.074098,-0.2313,,,,31,-58.8020886,1.1988875,0.97829455,1.0,4226.98046971,4.7429614,431.69335633,12.127795,6265.59795967,21.214493,16.622292,18.750605,15.255489,3.495115,2.128313,1.366802,,,,,,,,,,,,NOT_AVAILABLE,0,0,0.14487334,0.15958027,0.18294828,0.21571813,0.24522239,56.91615962,-41.2337322
10240,10239,Alessi_13,76,4843023715884306048,0,1,0.6771762762231637,57.66335531,0.03938085,-40.9472094,0.04412992,245.4176473,-50.8767872,33.26434763,0.04995366,0.8610339,0.06154995,9.22008512,0.04852814,,,0.036246,0.02028,-0.08879,,,,31,-58.7749178,1.1981629,1.0013815,1.0,3619.06429153,3.256791,367.64935902,13.7255,5329.52561235,10.766973,16.790876,18.924957,15.431174,3.493783,2.134081,1.359702,,,,,,,,,,,,NOT_AVAILABLE,0,0,0.13848487,0.14919515,0.17026437,0.200605,0.23203865,57.66315958,-40.9472133
10241,10240,Alessi_13,76,4843613397714473088,0,1,0.8346071422917987,59.12257551,0.01967272,-38.9621667,0.02062438,242.1728897,-49.9205752,30.26742484,0.02567282,0.30097603,0.02809959,8.82980953,0.0238013,,,0.13762,-0.025737,-0.17344,,,,31,-57.3920818,1.7534535,0.93486416,1.0,33094666.76083507,10028.373,24205062.7187332,12246.773,14030365.09426841,6741.1616,6.887972,6.878777,6.880223,-0.001447,-0.009195,0.007749,93.04525,3.650039,1.0,17.0,0.0,6.8622155,0.00617045,17.0,,,,NOT_AVAILABLE,0,1,2.01165069,2.02524771,2.13566455,2.21146528,2.43666695,59.12240251,-38.9621681
10242,10241,Alessi_13,76,4847613798973274880,0,1,0.6887090767536673,51.39378165,0.01501427,-44.1332412,0.01721279,252.058997,-54.803386,36.13952614,0.01770364,0.23933282,0.02359599,9.27148046,0.01860049,,,0.16653,0.02673,-0.16771,,,,31,-59.5384326,1.3133104,1.097462,1.0,30621.38970137,8.894525,7512.91101099,16.010712,35445.14958756,86.31002,14.472304,15.649021,13.374003,2.275018,1.176717,1.098301,-0.331385,3.364791,2.0,16.0,2.0,12.828997,0.06542683,14.0,,,,NOT_AVAILABLE,0,0,0.34766613,0.41831395,0.45870985,0.52880176,0.54355659,51.39355786,-44.1332423
10243,10242,Alessi_13,76,4848589168866469376,0,1,0.7613091248390476,53.98439369,0.01667906,-42.7642005,0.01940933,249.0329554,-53.3011821,35.7721749,0.02090394,0.17497364,0.02632185,9.7743813,0.02167222,,,0.2136,-0.12742,-0.061011,,,,31,-59.2229317,1.2444248,1.1125916,1.0,17876.04939104,10.007983,2729.55433763,10.903609,23799.7187543,24.839264,15.056688,16.748312,13.806466,2.941846,1.691624,1.250222,15.496433,5.629874,2.0,14.0,1.0,13.202526,0.07183246,18.0,,,,NOT_AVAILABLE,0,0,0.26866787,0.32391408,0.35735972,0.43120282,0.44581748,53.98417713,-42.7642013
10244,10243,Alessi_13,76,4849192938189070848,0,1,0.7294836171751129,54.7030189,0.02430608,-41.0171466,0.02820766,246.0049361,-53.0831372,31.92311069,0.02936017,-1.19352758,0.03868074,8.63689536,0.03151604,,,0.052673,0.0062331,-0.1417,,,,31,-57.8959713,1.2496077,2.0146782,1.0,29840.37894572,19.746489,4793.31171903,18.37664,39335.13787401,45.45967,14.500356,16.136953,13.260943,2.87601,1.636598,1.239412,28.718332,4.394166,2.0,20.0,5.0,12.702789,0.02689351,22.0,,,,NOT_AVAILABLE,0,0,0.3520462,0.41298885,0.45362189,0.51906877,0.5458293,54.70283085,-41.0171413
10245,10244,Alessi_13,76,4851031287270970112,0,1,0.6642762693751335,48.77735023,0.06087813,-42.6264804,0.06798514,250.4153084,-57.048021,35.66804194,0.06693231,-2.38507347,0.08453625,8.90774679,0.08047,,,0.078068,-0.12438,-0.23649,,,,31,-57.2959719,1.2071074,2.4998453,1.0,8245.09854778,15.567067,900.06379359,8.027668,12394.68961335,22.346722,15.896877,17.95286,14.514807,3.438053,2.055983,1.38207,,,,,,,,,,,,NOT_AVAILABLE,0,0,0.19258929,0.21506751,0.25196601,0.29123965,0.32873938,48.77713478,-42.6264698
10246,10245,Alessi_13,76,4852070360118886272,0,1,0.9848797176761659,47.71802587,0.01502335,-41.6563009,0.01532972,249.0833213,-58.0716345,39.14174871,0.01871845,-3.82072281,0.02334489,10.0915067,0.01789304,,,-7.2308e-06,0.032833,-0.23253,,,,31,-56.0672761,1.2566534,1.1151301,1.0,30740.83168354,62.428017,5202.49804868,46.53173,39716.59249551,183.02345,14.468078,16.048012,13.250465,2.797546,1.579934,1.217612,12.608818,3.609089,2.0,19.0,2.0,12.666611,0.0617437,18.0,,,,NOT_AVAILABLE,0,0,0.34885903,0.41831395,0.45920749,0.52456965,0.5442675,47.71779303,-41.6562839
10247,10246,Alessi_13,76,4852789543802708096,0,1,0.7483669720321902,51.24280584,0.01580663,-40.6606077,0.01862903,246.1767484,-55.7230612,40.76358119,0.02130568,-2.93283199,0.02619087,10.99748758,0.02173076,,,0.26911,-0.18896,-0.29832,,,,31,-56.4199773,1.2489234,1.1868998,1.0,24711.94024044,17.229609,3879.38198454,16.653423,32607.25572573,57.786892,14.7051,16.366636,13.46461,2.902026,1.661536,1.24049,-1.791948,6.860788,2.0,14.0,3.0,12.90635,0.05626396,18.0,,,,NOT_AVAILABLE,0,0,0.32584158,0.3754181,0.41887275,0.48369556,0.50868911,51.24256701,-40.6605947
10248,10247,Alessi_13,76,4852826476225205504,0,1,1.0,51.60032329,0.07050099,-40.1453146,0.08008161,245.1906568,-55.5502543,36.34288175,0.09215312,-2.52416585,0.11401439,9.83574189,0.0944246,1.1942453,0.01951411,0.15352,-0.10736,-0.16182,-0.026024,-0.027135,0.066783,95,-56.0804538,,1.0997527,1.0,1452.56469217,1.6660626,118.12981617,7.561415,2333.54438279,9.448379,17.782028,20.157644,16.327856,3.829788,2.375616,1.454172,,,,,,,,,,,,NOT_AVAILABLE,0,0,0.09,0.10419726,0.1168721,0.13328094,0.14790989,51.60011199,-40.1453034
10249,10248,Alessi_13,76,4852964434870827520,0,1,0.7943798701845924,50.03963355,0.00935506,-40.2945108,0.01198114,245.8562304,-56.6925109,33.74101826,0.01149458,-3.75348587,0.01474663,9.011551,0.01328478,,,0.30109,-0.24255,-0.31499,,,,31,-55.6799632,1.6065445,0.909952,1.0,4916344.26251239,734.5007,2892291.37157812,1273.2207,2955526.96621049,667.81213,8.958262,9.185437,8.571308,0.614129,0.227176,0.386953,10.503002,0.211249,1.0,15.0,5.0,8.42193,0.00700313,9.0,13.5454855,1.4110781,9.0,NOT_AVAILABLE,0,0,1.25164907,1.29819841,1.324715,1.38974005,1.512706,50.03943694,-40.2944941
10250,10249,Alessi_13,76,4853382867764646912,0,1,0.6042902915625871,53.25641127,0.04564026,-38.6738787,0.05440425,242.3258953,-54.4984716,34.29920875,0.06352601,-5.99166331,0.08138117,10.10186995,0.06300469,,,0.17923,-0.016293,-0.096333,,,,31,-55.3029317,1.7135903,0.9988742,1.0,2147.83548042,1.7731509,1480.18501779,8.789309,954.82868199,8.437075,17.357365,17.412752,17.298082,0.11467,0.055387,0.059282,,,,,,,,,,,,NOT_AVAILABLE,0,0,0.10670058,0.11843186,0.13588677,0.15461491,0.17895437,53.25621601,-38.673852
10251,10250,Alessi_13,76,4853696430441102976,1,1,1.0,51.91222575,0.07815197,-37.9287339,0.09614526,241.2469415,-55.6326124,34.21048063,0.10206722,-3.22959403,0.12998663,8.98828863,0.10615174,1.0967807,0.02485467,0.056175,0.042305,-0.3207,-0.054925,0.043258,0.012738,95,-54.1845796,,0.9367931,1.0,1080.92436456,2.6628318,84.92484674,7.2542315,1767.30063173,15.385215,18.102879,20.515955,16.62962,3.886335,2.413076,1.473259,,,,,,,,,,,,NOT_AVAILABLE,0,0,0.09,0.09,0.10352558,0.11485355,0.13119363,51.91203299,-37.9287195
10252,10251,Alessi_13,76,4853716191586847360,1,1,1.0,51.58065856,0.01057176,-37.7431475,0.01348331,240.9728344,-55.9141151,37.43502633,0.01325314,-3.6614747,0.01872879,10.04089516,0.01494018,,,0.11419,0.0027258,-0.13304,,,,31,-53.9062694,1.2613024,1.1084412,1.0,35623.32667601,34.674145,6304.03952241,34.163162,46271.30740886,108.39795,14.308031,15.839495,13.084616,2.754879,1.531464,1.223415,16.172596,6.260511,2.0,13.0,0.0,12.500666,0.03074654,17.0,,,,NOT_AVAILABLE,0,0,0.3739099,0.45293446,0.48837103,0.55488124,0.57112343,51.58044816,-37.7431312
10253,10252,Alessi_13,76,4854307557043632768,0,1,1.0,49.00223195,0.02765631,-37.4850021,0.03269262,240.9856922,-57.9727575,35.00326048,0.03518046,-4.30974607,0.04705493,8.92956048,0.03966832,,,0.16981,-0.02189,-0.21853,,,,31,-52.8031021,1.2246861,1.104904,1.0,6837.4421239,6.0962977,850.12673495,9.592328,9559.03572458,20.025686,16.100132,18.014833,14.796861,3.217973,1.914701,1.303271,,,,,,,,,,,,NOT_AVAILABLE,0,0,0.17827451,0.19720072,0.23058054,0.26909566,0.30090429,49.0020359,-37.4849829
10254,10253,Alessi_13,76,4854308003720230528,0,1,1.0,49.01299293,0.00700757,-37.4228785,0.00872273,240.8674481,-57.9730932,38.89423963,0.00854159,-5.14386192,0.0115883,10.08179372,0.01019781,,,0.077807,-0.066195,-0.22154,,,,31,-52.7507396,1.5368127,0.80188036,1.0,2244650.82029966,1730.9865,1161009.54921465,3259.1406,1552754.1463886,3016.467,9.809495,10.176453,9.270139,0.906314,0.366958,0.539356,16.451742,0.427763,1.0,24.0,9.0,9.066318,0.04386836,12.0,29.653412,5.1689625,12.0,NOT_AVAILABLE,0,0,1.04238279,1.05041828,1.13631761,1.18201166,1.34269811,49.01277527,-37.4228557
10255,10254,Alessi_13,76,4854506946605939712,1,1,1.0,51.7493936,0.04142883,-37.2048754,0.04912744,239.9932597,-55.8386186,36.24401268,0.05078784,-3.76300759,0.06931195,9.36463392,0.05695026,,,0.11931,0.038991,-0.30743,,,,31,-53.4727424,1.2050245,1.0591441,1.0,3620.50801669,4.6970735,375.60386817,7.8225565,5278.94953065,20.729937,16.790443,18.901716,15.441526,3.46019,2.111273,1.348917,,,,,,,,,,,,NOT_AVAILABLE,0,0,0.13848487,0.14919515,0.17026437,0.200605,0.23203865,51.74919136,-37.2048587
10256,10255,Alessi_13,76,4854540344270707200,1,1,1.0,51.30522919,0.04661668,-37.1523766,0.05473532,239.9639491,-56.1960062,37.42902145,0.06398768,-3.64895338,0.08179308,10.13758334,0.06621654,1.2708064,0.01386292,0.19602,-0.04077,-0.22626,-0.020758,-0.073689,0.16919,95,-53.2781703,,1.5865349,1.0,17679.10656211,87.911125,19145.95929937,3185.1912,36498.66716782,2474.4114,15.068716,14.633349,13.342203,1.291146,-0.435367,1.726513,,,,,,,,,,,,NOT_AVAILABLE,0,0,0.28177018,0.31993499,0.3555284,0.42734488,0.45919179,51.30502048,-37.1523604
10257,10256,Alessi_13,76,4854540344271657216,1,1,1.0,51.30359754,0.01318301,-37.1527116,0.01737227,239.9647899,-56.197265,37.67223053,0.01670345,-4.46979456,0.02408316,9.94701958,0.02025557,,,0.20915,-0.098327,-0.24296,,,,31,-53.2779341,1.7103359,0.8914295,1.0,25917195.93160774,6779.787,17952933.17343565,12304.228,12140952.6304256,9137.136,7.153397,7.203204,7.037263,0.16594,0.049807,0.116133,17.389313,0.164677,1.0,33.0,0.0,6.9860754,0.00457514,33.0,45.37527,1.3372046,31.0,NOT_AVAILABLE,0,0,1.86273258,1.86273258,1.95436095,1.99936394,2.21215867,51.30338747,-37.1526917
10258,10257,Alessi_13,76,4854562884259914240,1,1,0.9790254583703507,50.95202032,0.0205885,-36.8775067,0.02468545,239.5224363,-56.5046196,41.45576732,0.02685096,-5.20007311,0.03632294,10.48295763,0.02984675,,,0.23725,-0.17211,-0.32167,,,,31,-52.9109338,1.2308185,1.3626244,1.0,17768.82308839,13.699051,2382.29302233,13.584931,24481.2045652,36.58184,15.06322,16.896055,13.775813,3.120242,1.832835,1.287407,20.142225,5.266475,2.0,16.0,1.0,13.234513,0.04912699,23.0,,,,NOT_AVAILABLE,0,0,0.26747675,0.32284108,0.35647372,0.42995299,0.44522047,50.95178999,-36.8774836
10259,10258,Alessi_13,76,4854563983771572736,1,1,1.0,51.35030483,0.01387178,-37.1016804,0.01773266,239.8667258,-56.1654515,38.53654361,0.0172962,-4.38852867,0.02566753,10.0950293,0.02120967,,,0.18354,-0.01463,-0.20067,,,,31,-53.2469925,1.2515738,1.0824063,1.0,23251.31128168,21.353647,3762.8633391,19.663637,30479.42509289,72.03729,14.771248,16.399746,13.537879,2.861867,1.628498,1.233369,19.923256,3.961087,2.0,29.0,5.0,12.947163,0.0637262,27.0,,,,VARIABLE,0,0,0.31750375,0.36619541,0.40677061,0.47521924,0.49937197,51.35009009,-37.1016609
10260,10259,Alessi_13,76,4854771001195018752,1,1,1.0,50.58357536,0.00697807,-36.6371946,0.00957741,239.1409827,-56.8223344,37.77198232,0.00910006,-4.99015726,0.01329055,9.80915512,0.01129777,,,0.33373,-0.17058,-0.24273,,,,31,-52.5696889,1.5448035,0.9041745,1.0,2165041.91945331,3953.6138,1145505.85360703,7250.7593,1460749.90627604,6871.802,9.848702,10.191049,9.336456,0.854592,0.342347,0.512245,18.132723,0.623808,1.0,23.0,6.0,9.12363,0.00980871,14.0,45.748657,8.8481245,13.0,NOT_AVAILABLE,0,1,1.03472972,1.0466477,1.12970179,1.17731734,1.3352637,50.58336615,-36.6371724
10261,10260,Alessi_13,76,4854797629990991232,1,1,1.0,50.77624804,0.15848012,-36.4036755,0.19315223,238.6901644,-56.690314,36.14984336,0.19725285,-4.03748092,0.271173,9.14478255,0.21905427,,,0.048029,0.064859,-0.23633,,,,31,-52.4212256,1.1515428,1.0350398,1.0,393.43146797,1.7112836,42.45412223,4.855983,633.65821609,10.712244,19.200193,21.268742,17.743258,3.525484,2.068548,1.456936,,,,,,,,,,,,NOT_AVAILABLE,0,0,0.09,0.09,0.09,0.09,0.09269268,50.77604842,-36.4036576
10262,10261,Alessi_13,76,4854879573671981056,1,1,1.0,50.56402767,0.09207699,-35.7887176,0.11282478,237.5971466,-56.9126185,37.35087952,0.11897237,-3.24866667,0.16175513,9.57722332,0.1425507,1.0968733,0.02651682,0.12566,0.1524,-0.28928,-0.11217,-0.024334,-0.00053828,95,-51.7900744,,1.4632413,1.0,2434.99573077,3.389857,318.62141064,7.697404,6331.56463622,29.970251,17.22112,19.080355,15.244118,3.836237,1.859234,1.977003,,,,,,,,,,,,NOT_AVAILABLE,0,0,0.11266508,0.12685085,0.14302539,0.16514995,0.18970054,50.56382302,-35.7887031
10263,10262,Alessi_13,76,4855367005216625664,0,1,0.8559189736285536,56.72383508,0.01553327,-39.2761619,0.01783677,242.8695939,-51.7558689,33.5281594,0.01975902,-0.46211553,0.02320581,9.45085166,0.0202147,,,-0.011402,-0.10992,-0.16807,,,,31,-56.9560842,1.2586628,1.191058,1.0,24773.35921816,20.475142,4256.64837099,17.799515,31864.71616172,60.229538,14.702405,16.265873,13.48962,2.776253,1.563468,1.212785,23.223703,3.47976,2.0,16.0,2.0,13.00088,0.05962525,18.0,,,,NOT_AVAILABLE,0,0,0.32584158,0.3764911,0.41930604,0.48400065,0.50868911,56.72364258,-39.2761599
10264,10263,Alessi_13,76,4856088078686050688,0,1,0.8570523714472055,54.75248636,0.02086266,-39.482206,0.02291311,243.4589469,-53.251065,32.39134598,0.02603749,-0.82560815,0.03265981,8.84410135,0.02642337,,,0.048192,-0.057101,-0.07477,,,,31,-56.5220195,1.2255399,1.0429899,1.0,11743.28283531,5.7869277,1509.25197748,10.160162,16387.61825417,16.358145,15.512893,17.391638,14.211606,3.180032,1.878745,1.301287,18.815472,6.780889,2.0,16.0,1.0,13.576667,0.05387702,22.0,,,,NOT_AVAILABLE,0,0,0.23781497,0.25437444,0.29613534,0.34284094,0.40033088,54.75229984,-39.4822023
10265,10264,Alessi_13,76,4858887985045034496,0,1,0.832621507052892,59.37905781,0.15794404,-34.7595259,0.18780716,235.6541863,-49.7378686,28.84923293,0.21935324,-1.65651588,0.2831283,8.73875999,0.2200716,1.0801638,0.04973575,0.14618,0.10795,-0.036877,-0.037435,-0.029148,-0.031086,95,-53.5438824,,0.99431497,1.0,316.65568043,0.8365188,39.37913438,5.7293816,540.87640779,7.4973736,19.435898,21.350376,17.91515,3.435226,1.914478,1.520748,,,,,,,,,,,,NOT_AVAILABLE,0,0,0.09,0.09,0.09,0.09,0.09,59.37890174,-34.7595186
10266,10265,Alessi_13,76,4859039648931483904,0,1,0.9562820820464143,59.42326307,0.01347117,-34.3276574,0.01558071,234.989461,-49.6824739,29.78602105,0.01640379,-2.07951324,0.02076456,8.54935769,0.01899719,,,0.091173,0.061855,-0.13881,,,,31,-53.1499649,1.2522645,1.1036326,1.0,23267.40301561,18.975164,3765.31373258,18.082304,30634.728769,96.32855,14.770497,16.39904,13.53236,2.86668,1.628543,1.238137,22.215794,3.13219,2.0,23.0,5.0,12.922785,0.0568662,25.0,,,,NOT_AVAILABLE,0,0,0.31750375,0.36619541,0.40677749,0.47521924,0.49937197,59.42310277,-34.3276482
10267,10266,Alessi_13,76,4859106306823827072,0,1,0.9265236293146847,58.3938513,0.01586222,-34.7539436,0.01881721,235.6014664,-50.5466051,29.74028881,0.02101253,-2.19474503,0.0266447,8.90086786,0.0222578,,,0.088941,-0.018808,-0.16154,,,,31,-53.2595887,1.2499186,1.13441,1.0,17219.61733223,16.000578,2751.92809778,18.452158,22721.4551533,55.612305,15.097308,16.73945,13.856805,2.882646,1.642142,1.240503,,,,,,,,,,,,NOT_AVAILABLE,0,0,0.26390339,0.3169617,0.35073869,0.42387306,0.4404444,58.39369043,-34.7539339
10268,10267,Alessi_13,76,4859106719140684800,0,1,1.0,58.41245277,0.05803078,-34.7323058,0.06464339,235.5681733,-50.5306646,31.79741614,0.07292598,-1.90150324,0.08959909,9.00159561,0.08344554,,,-0.014218,0.040254,-0.25354,,,,31,-53.2446305,1.8065894,1.1234821,1.0,176284729.78693458,149035.92,135643072.14954534,123022.01,66799675.14256412,195431.77,5.07183,5.007548,5.18596,-0.178411,-0.064282,-0.11413,,,,,,,,,,,,NOT_AVAILABLE,0,0,3.66465113,3.81818487,4.04490405,4.26894789,4.76874176,58.41228081,-34.7322973
10269,10268,Alessi_13,76,4859112422857249408,0,1,1.0,58.49820432,0.03043338,-34.7129298,0.0358884,235.541225,-50.4596076,30.52350293,0.03879192,-2.79465914,0.05062203,8.93303197,0.04408965,,,0.15761,-0.0030463,-0.21166,,,,31,-53.2509766,1.2233261,0.9699298,1.0,4576.76762406,3.201351,573.28720266,15.305454,6447.96654658,13.708446,16.535969,18.442612,15.224339,3.218273,1.906643,1.31163,,,,,,,,,,,,NOT_AVAILABLE,0,0,0.15083784,0.16481071,0.19029464,0.22344383,0.25358052,58.49803928,-34.7129173
10270,10269,Alessi_13,76,4859623833202991744,1,1,1.0,53.89717687,0.01641754,-37.0483271,0.0182568,239.4701335,-54.1454579,36.11604289,0.01964963,-2.84083644,0.0246314,9.84848388,0.02251379,,,0.18942,-0.15543,-0.17039,,,,31,-54.0257668,1.2455345,1.1735835,1.0,20616.48151925,15.9958,3154.58795666,14.220855,27436.68564235,58.143513,14.901831,16.591187,13.652066,2.93912,1.689356,1.249764,5.233411,6.769076,2.0,25.0,3.0,13.066015,0.05220898,22.0,,,,NOT_AVAILABLE,0,0,0.3020192,0.34430109,0.38389179,0.45494954,0.48132,53.89697575,-37.0483144
10271,10270,Alessi_13,76,4859629055883186048,1,1,1.0,53.82769331,0.01980097,-36.8717303,0.02592442,239.1754758,-54.2127653,36.16396427,0.02531501,-3.11546959,0.03605203,9.79973263,0.02935598,,,0.21485,-0.11063,-0.17738,,,,31,-53.8416717,1.2486588,1.4969326,1.0,18978.43916334,10.10047,2972.8781762,11.240979,25112.27166598,29.383852,14.991715,16.6556,13.74818,2.907419,1.663884,1.243535,,,,,,,,,,,,NOT_AVAILABLE,0,0,0.29129913,0.32984598,0.36808495,0.43861838,0.46967357,53.82749239,-36.8717165
10272,10271,Alessi_13,76,4859700249261354752,1,1,1.0,52.75645941,0.01776011,-37.2219195,0.02131301,239.8914788,-55.038506,35.68218993,0.02243941,-3.08494491,0.02813399,9.5285233,0.02582046,,,0.20255,-0.056531,-0.17651,,,,31,-53.8177387,1.2381223,1.0697811,1.0,13382.98549603,11.083005,1945.96504604,16.31287,18155.14263607,36.751743,15.370984,17.115705,14.100396,3.015309,1.744721,1.270588,,,,,,,,,,,,NOT_AVAILABLE,0,0,0.25026942,0.27105011,0.3135376,0.36531569,0.41784697,52.75626026,-37.2219058
10273,10272,Alessi_13,76,4860331094057930624,1,1,1.0,53.66137968,0.0086483,-35.4844472,0.00949935,236.8116184,-54.4160652,35.44072877,0.01076227,-4.05374722,0.0128004,9.69864632,0.0120957,,,0.071662,0.058061,-0.23,,,,31,-52.5130532,1.4212441,1.1039827,1.0,422840.33837081,397.73846,163422.04708552,562.75714,371394.05506104,911.95215,11.621926,12.305265,10.823308,1.481957,0.683339,0.798618,17.449953,0.592311,1.0,26.0,6.0,10.502777,0.01240647,19.0,39.92879,15.508949,12.0,NOT_AVAILABLE,0,0,0.77273682,0.80376296,0.85723523,0.90440728,0.93442131,53.66118624,-35.4844292
10274,10273,Alessi_13,76,4860520588015026048,1,1,1.0,52.22728427,0.01965343,-36.8380102,0.02546373,239.2836004,-55.4922605,36.95318348,0.02367106,-3.67713672,0.03334781,9.74208083,0.02957603,,,0.16482,0.034148,-0.17016,,,,31,-53.2949479,1.2256422,0.9831882,1.0,8827.35393247,8.943554,1141.08138762,9.924323,12271.99649396,33.106594,15.82279,17.695251,14.525607,3.169644,1.872461,1.297183,,,,,,,,,,,,NOT_AVAILABLE,0,0,0.19974669,0.22221422,0.25994286,0.29999845,0.33944518,52.22707906,-36.8379939
10275,10274,Alessi_13,76,4860571096830367744,1,1,1.0,52.23397943,0.02667284,-36.2868133,0.03348516,238.3123358,-55.5293349,35.0493771,0.03395227,-3.91488331,0.04625096,9.38258738,0.04136964,,,0.14353,-0.092392,-0.29692,,,,31,-52.7932203,1.2177309,1.006246,1.0,5993.63479975,4.9955163,706.04627478,9.724197,8507.73765037,15.078472,16.243141,18.21646,14.92336,3.293099,1.973318,1.319781,,,,,,,,,,,,NOT_AVAILABLE,0,0,0.16992422,0.18607543,0.21639487,0.25364427,0.28377501,52.23378618,-36.2867959
10276,10275,Alessi_13,76,4860580197864483456,1,1,1.0,52.36995854,0.05225118,-36.0820427,0.06241448,237.9388825,-55.4334657,34.62340159,0.06756921,-4.2456715,0.08866763,9.22752774,0.07479408,,,0.025209,0.034752,-0.27697,,,,31,-52.6497632,1.1906651,1.0655013,1.0,1990.93858777,1.9577004,176.63514209,8.66585,2992.81062843,12.667141,17.439722,19.72085,16.057697,3.663153,2.281128,1.382025,,,,,,,,,,,,NOT_AVAILABLE,0,0,0.10312189,0.11620462,0.13235578,0.14969855,0.17238727,52.36976813,-36.0820239
10277,10276,Alessi_13,76,4860585901581589632,1,1,1.0,51.57836033,0.05886367,-36.6184707,0.07150739,238.973527,-56.029163,36.04104708,0.07152871,-4.13813601,0.09562933,9.64612432,0.0857178,,,0.12088,-0.019386,-0.21253,,,,31,-52.882038,1.1900433,1.0295638,1.0,1768.35142705,2.0626764,146.11403322,6.3637958,2663.96704771,8.158736,17.568445,19.926813,16.184072,3.742741,2.358368,1.384373,,,,,,,,,,,,VARIABLE,0,0,0.09808081,0.11293403,0.12661446,0.14417444,0.16283512,51.57816076,-36.6184523
10278,10277,Alessi_13,76,4860643698957486848,1,1,1.0,52.03946344,0.03247916,-35.9101899,0.04317318,237.6652933,-55.7111442,36.97679532,0.04049097,-5.26447573,0.05951889,9.64958533,0.04977408,,,0.062196,0.045071,-0.30221,,,,31,-52.3851859,1.2051902,1.0587976,1.0,4480.53388881,3.2030418,445.30165268,7.3254485,6580.59588749,20.389847,16.559042,18.716906,15.202232,3.514673,2.157864,1.35681,,,,,,,,,,,,NOT_AVAILABLE,0,0,0.14845204,0.16373431,0.18843444,0.22133682,0.25119248,52.03926054,-35.9101665
10279,10278,Alessi_13,76,4860643905115917312,1,1,1.0,52.03120826,0.00738742,-35.9120945,0.00998081,237.6694126,-55.7176976,37.3062875,0.0092329,-5.06342095,0.0138137,9.68474297,0.01175092,,,0.05767,0.17156,-0.21918,,,,31,-52.3842502,1.5733908,0.93820703,1.0,3852362.9441786,2769.8154,2142231.51835028,5367.989,2476923.61459435,4499.613,9.223049,9.511376,8.763114,0.748262,0.288327,0.459935,17.385258,0.870439,1.0,17.0,4.0,8.58683,0.00623957,7.0,,,,NOT_AVAILABLE,0,0,1.14798423,1.23158291,1.26555843,1.33435437,1.44668467,52.03100354,-35.912072
10280,10279,Alessi_13,76,4860645520023604608,1,1,1.0,52.04822045,0.01436248,-35.8534433,0.01837928,237.5639836,-55.7075756,36.38672699,0.01738004,-3.7359123,0.02629144,9.65430553,0.0218653,,,0.074835,0.11012,-0.29187,,,,31,-52.3360347,1.7178891,0.90927744,1.0,46503984.19981005,12790.315,32478206.32130887,25796.129,21484209.76531197,18175.3,6.518642,6.559562,6.417597,0.141965,0.040921,0.101045,,,,,,,,,,,,NOT_AVAILABLE,0,0,2.25364735,2.25364735,2.40073906,2.48945095,2.76544696,52.04802093,-35.8534267
10281,10280,Alessi_13,76,4860645520023604736,1,1,1.0,52.04617892,0.00874818,-35.8541567,0.01137437,237.5654271,-55.7091836,36.96771791,0.01071185,-6.2828035,0.01619489,9.66020207,0.01317928,,,0.10635,0.11499,-0.28148,,,,31,-52.3360259,1.5370293,0.9951641,1.0,1636027.47240181,1461.7468,853639.04810566,3246.3706,1142857.12000659,3360.0625,10.15289,10.510357,9.602916,0.907441,0.357467,0.549974,16.279957,6.134562,1.0,6.0,2.0,9.347205,0.01312368,4.0,,,,NOT_AVAILABLE,0,0,0.98602679,1.00993507,1.07982994,1.13866948,1.27083214,52.04597621,-35.8541287
10282,10281,Alessi_13,76,4860706611638581504,1,1,1.0,53.05047212,0.06286746,-35.6621082,0.07475957,237.1524634,-54.9055553,36.22027635,0.08354412,-4.87459065,0.10290553,9.74026188,0.09282067,1.1585383,0.01946869,0.21842,-0.088238,-0.26738,-0.0249,-0.050384,0.063939,95,-52.4828742,,1.1891469,1.0,2016.75734512,2.3716538,124.16267694,7.435352,3247.75946479,9.579864,17.425734,20.103565,15.968936,4.134629,2.677832,1.456798,,,,,,,,,,,,NOT_AVAILABLE,0,0,0.10431479,0.11946758,0.1330632,0.15427094,0.17358129,53.05027398,-35.6620865
10283,10282,Alessi_13,76,4860735641321455488,1,1,1.0,52.39668401,0.06747071,-35.6786134,0.08339494,237.2267863,-55.4352404,35.61046507,0.08077963,-4.17670309,0.11290336,9.49117393,0.103376,,,0.16241,-0.14267,-0.14503,,,,31,-52.2883908,1.1784003,1.0754305,1.0,1351.77561715,1.6670026,89.44944295,5.3891406,2106.72514941,9.80692,17.860106,20.459599,16.438875,4.020723,2.599493,1.42123,,,,,,,,,,,,NOT_AVAILABLE,0,0,0.09,0.10092097,0.11371553,0.12984594,0.14313382,52.39648917,-35.6785949
10284,10283,Alessi_13,76,4860742070888559616,1,1,1.0,52.27662464,0.00918366,-35.685316,0.01059872,237.2478054,-55.5322625,35.82440458,0.01175787,-4.13277067,0.01492338,9.48508673,0.01315013,,,0.15267,-0.04196,-0.24825,,,,31,-52.2558072,1.2950944,1.1785175,1.0,63138.20279318,66.86134,14060.52296135,71.77035,74780.03978029,205.93758,13.686636,14.968538,12.563432,2.405106,1.281902,1.123204,21.65217,4.114007,2.0,29.0,2.0,12.001981,0.01634958,28.0,,,,NOT_AVAILABLE,0,0,0.48783378,0.58356736,0.60736617,0.65479334,0.67375738,52.27642861,-35.6852976
10285,10284,Alessi_13,76,4860744029393648640,1,1,1.0,52.15595047,0.06615841,-35.6580043,0.08547504,237.2090265,-55.6316397,35.52807062,0.0822798,-4.15188004,0.11880784,9.42523013,0.10130921,,,0.21485,0.12239,-0.23901,,,,31,-52.1917485,1.2112814,3.5452902,1.0,10285.51833097,13.360115,1173.83623239,8.890151,15186.99772878,22.89228,15.656801,17.664524,14.294216,3.370308,2.007723,1.362585,,,,,,,,,,,,NOT_AVAILABLE,0,0,0.21406147,0.23962143,0.27975832,0.32318606,0.36620968,52.15575613,-35.6579859
10286,10285,Alessi_13,76,4860786979066583680,1,1,1.0,52.64552564,0.01736205,-35.2093277,0.02131516,236.3861521,-55.2540485,35.24013685,0.02285518,-4.31252946,0.03169215,9.42212768,0.02564463,,,0.11814,-0.015104,-0.30295,,,,31,-51.9369915,1.2480276,1.1011043,1.0,15849.02287008,9.694013,2479.42785134,14.069787,20946.3176888,35.526066,15.187361,16.852663,13.945127,2.907536,1.665302,1.242234,5.499363,6.238639,2.0,15.0,3.0,13.322413,0.0562287,18.0,,,,NOT_AVAILABLE,0,0,0.25318332,0.29354825,0.33826761,0.39692081,0.42790721,52.64533395,-35.2093085
10287,10286,Alessi_13,76,4860787013426321664,1,1,1.0,52.64735936,0.01598372,-35.2037156,0.01995492,236.3762124,-55.252765,35.71864996,0.02051711,-4.41565782,0.02804551,9.43393307,0.02369984,,,0.13195,-0.051032,-0.24691,,,,31,-51.9324137,1.2448875,1.0632185,1.0,16203.43216196,13.55103,2494.94101906,17.926702,21594.46839373,53.27845,15.163349,16.845892,13.912039,2.933853,1.682543,1.25131,15.029994,4.083479,2.0,16.0,3.0,13.383204,0.05436427,17.0,,,,NOT_AVAILABLE,0,0,0.25556556,0.29598566,0.3414937,0.40063316,0.43089225,52.64716508,-35.2036959
10288,10287,Alessi_13,76,4860805567684944128,1,1,0.8409651727534315,51.47009367,0.22304,-36.0211738,0.26312193,237.9184604,-56.1634439,33.49095091,0.28354567,-2.7722434,0.37086618,9.45598743,0.32807162,,,0.13549,-0.15178,-0.26611,,,,31,-52.3010196,1.2419027,18.116308,1.0,26504.57669053,67.224724,4189.94682408,18.988821,37959.83471758,66.62634,14.629065,16.28302,13.299584,2.983436,1.653956,1.32948,5.403195,2.462068,2.0,20.0,2.0,12.69881,0.03526522,23.0,,,,NOT_AVAILABLE,0,0,0.33417942,0.3882941,0.43184147,0.49775286,0.51858857,51.46990964,-36.0211615
10289,10288,Alessi_13,76,4860808694421129600,1,1,1.0,51.48287664,0.01782349,-35.9209061,0.02181469,237.7375343,-56.1602216,36.77032888,0.02259714,-4.64059817,0.03064864,9.61543556,0.02662171,,,0.17392,-0.063919,-0.36624,,,,31,-52.213519,1.7292006,1.0938668,1.0,52602539.42277539,13882.0,37178518.76794296,26191.332,23778915.3101185,15200.946,6.38485,6.412812,6.307416,0.105397,0.027962,0.077435,,,,,,,,,,,,NOT_AVAILABLE,0,0,2.35883239,2.35883239,2.5177386,2.60446394,2.89176328,51.48267484,-35.9208855
10290,10289,Alessi_13,76,4860829031089582336,1,1,1.0,51.74028235,0.00739418,-35.9254089,0.00995023,237.7202063,-55.9519493,36.30894051,0.00957841,-4.83219029,0.0141448,9.62920774,0.01123169,,,0.1562,-0.17739,-0.28356,,,,31,-52.3017573,1.3676115,1.1090448,1.0,208093.08045856,196.88338,66449.2647512,246.20499,206766.33160437,476.46857,12.391723,13.282317,11.459196,1.823121,0.890594,0.932527,14.69829,3.814899,1.0,21.0,3.0,11.056681,0.02232941,18.0,,,,NOT_AVAILABLE,0,0,0.6815898,0.72140001,0.74067505,0.7530453,0.80017533,51.74008307,-35.9253875
10291,10290,Alessi_13,76,4860913830924629632,1,1,1.0,51.45979431,0.22636276,-35.2211329,0.23733093,236.4842448,-56.2212723,35.98228638,0.28053054,-5.27544268,0.34778535,9.48788167,0.32053876,1.1392828,0.06074125,0.057503,0.18651,-0.34394,-0.0079604,-0.048684,0.0054053,95,-51.5650814,,4.0884857,0.97705078,18861.58536603,32.93653,5490.16867525,39.25353,45411.13241781,148.9186,14.998422,15.989578,13.10499,2.884588,0.991157,1.893432,,,,,,,,,,,,NOT_AVAILABLE,0,0,0.29010801,0.32885489,0.36720611,0.43724316,0.46850893,51.45959855,-35.2211094
10292,10291,Alessi_13,76,4860923279853255552,1,1,1.0,51.15269514,0.01685219,-35.1496665,0.02023881,236.3791334,-56.475655,37.32928403,0.02058282,-4.95424457,0.02757285,9.77272665,0.02474747,,,0.026156,-0.012463,-0.21123,,,,31,-51.3993374,1.2434263,1.1220024,1.0,14455.17804233,6.4091344,2158.79720339,9.28496,19343.7096232,28.04019,15.287309,17.003012,14.031546,2.971466,1.715703,1.255763,50.491035,4.365085,2.0,19.0,2.0,13.3305,0.06818267,21.0,,,,NOT_AVAILABLE,0,0,0.24246325,0.2816384,0.32436795,0.37985418,0.41417599,51.15249223,-35.1496445
10293,10292,Alessi_13,76,4860923696465345664,1,1,1.0,51.30528078,0.03519243,-35.2653819,0.04179244,236.5758839,-56.3449453,37.65636076,0.04412211,-5.60255421,0.05705957,9.91575984,0.05221352,,,0.068555,0.060047,-0.24539,,,,31,-51.555257,1.210336,1.0534282,1.0,4179.26520835,3.3964734,458.98814442,7.6045227,6001.77916965,11.421475,16.634617,18.684038,15.302196,3.381843,2.049421,1.332421,,,,,,,,,,,,NOT_AVAILABLE,0,0,0.14487334,0.15866189,0.18200687,0.21443062,0.24402837,51.30507581,-35.265357
10294,10293,Alessi_13,76,4860968432844716544,1,1,1.0,52.35112215,0.02842023,-35.2414952,0.03591521,236.4597202,-55.493057,36.78997175,0.03794043,-4.74467871,0.04811907,9.79857016,0.04428253,,,0.23601,-0.15864,-0.30631,,,,31,-51.872184,1.2238075,1.0554103,1.0,4969.89297535,39.285313,730.08791093,26.622444,7028.11308514,177.17749,16.446499,18.180105,15.130798,3.049307,1.733606,1.3157,,,,,,,,,,,,NOT_AVAILABLE,0,0,0.15560943,0.17095954,0.19779477,0.2325742,0.26253566,52.35092195,-35.2414741
10295,10294,Alessi_13,76,4861032719915154176,1,1,1.0,51.77545218,0.01176832,-34.7637527,0.0155318,235.6446027,-55.9829743,36.10953264,0.01452697,-5.07241174,0.02097046,9.54078628,0.01865553,,,0.19025,-0.10206,-0.16173,,,,31,-51.2474684,1.2547722,1.1166179,1.0,30492.77158416,27.262558,5115.32309603,23.612259,39613.57453899,82.512115,14.476874,16.06636,13.253285,2.813075,1.589486,1.223589,11.303471,5.758417,2.0,25.0,5.0,12.632909,0.02898189,24.0,,,,NOT_AVAILABLE,0,0,0.35561956,0.41730994,0.45777891,0.52319443,0.55077322,51.77525682,-34.7637302
10296,10295,Alessi_13,76,4861127415354185984,1,1,1.0,53.63204121,0.02688007,-35.0175956,0.03594414,236.0104508,-54.4532946,35.75599845,0.03453291,-3.22903994,0.04860258,9.47439078,0.04244344,,,0.18829,-0.086183,-0.21227,,,,31,-52.0730524,1.2479455,3.7354047,1.0,56193.02266425,34.880234,8945.40532964,28.623053,74771.07073399,71.511696,13.813161,15.459542,12.563561,2.895981,1.646381,1.2496,,,,,,,,,,,,NOT_AVAILABLE,0,0,0.46520252,0.55336916,0.58900572,0.63796654,0.65492649,53.63184716,-35.0175813
10297,10296,Alessi_13,76,4861194932239986944,1,1,1.0,53.5815218,0.03095836,-34.5214715,0.0402735,235.1578951,-54.5032751,33.76290065,0.04107192,-4.27468674,0.05711439,8.95502119,0.05085862,,,0.349,-0.14666,-0.29758,,,,31,-51.5986929,1.2214682,1.1007583,1.0,5891.95947376,5.3985653,736.86362665,8.553168,8313.12821196,22.900656,16.261717,18.170074,14.948484,3.22159,1.908358,1.313232,,,,,,,,,,,,NOT_AVAILABLE,0,0,0.16873132,0.18409841,0.21450422,0.2522396,0.28163995,53.58133968,-34.5214525
10298,10297,Alessi_13,76,4861410161641243776,1,1,1.0,53.03398464,0.01448996,-34.2222577,0.01948328,234.6478481,-54.9582882,34.24215298,0.0196755,-4.41642535,0.02733283,9.10060068,0.02291724,,,0.21827,-0.13037,-0.31048,,,,31,-51.1499421,1.2559506,1.213998,1.0,20892.38130257,13.199406,3506.57495997,15.742981,27136.78801073,36.336475,14.887397,16.476334,13.664,2.812334,1.588937,1.223397,17.240011,4.339955,2.0,23.0,0.0,12.987196,0.05169747,29.0,,,,NOT_AVAILABLE,0,0,0.30440144,0.34644709,0.3865283,0.45682428,0.48364929,53.03380058,-34.2222381
10299,10298,Alessi_13,76,4861469874570139776,1,1,0.9032501505529456,52.87524886,0.00819999,-33.9706442,0.00997317,234.2105345,-55.091515,32.31888901,0.01039003,-2.93591389,0.01371328,8.75834869,0.01251244,,,0.15484,-0.056079,-0.18766,,,,31,-50.8672286,1.4624828,1.0823452,1.0,396555.01855424,254.06087,175343.94301006,372.39032,325946.6267157,640.505,11.691608,12.228815,10.96503,1.263785,0.537207,0.726579,,,,,,,,,,,,NOT_AVAILABLE,0,0,0.76669401,0.80044095,0.8472706,0.89816694,0.92046199,52.87507566,-33.9706311
10300,10299,Alessi_13,76,4861927653660787072,0,1,1.0,55.67200271,0.0185883,-34.6615097,0.02353835,235.3866723,-52.7820236,31.93848467,0.0254513,-3.10789549,0.03488652,8.82956614,0.02725593,,,0.062621,0.034579,-0.22743,,,,31,-52.3720012,1.2283902,1.01619,1.0,11089.37422311,7.965946,1466.60881352,13.412855,15338.03086788,35.75698,15.575099,17.422756,14.283471,3.139285,1.847657,1.291628,,,,,,,,,,,,VARIABLE,0,0,0.21506751,0.24722772,0.2889871,0.33371057,0.37417638,55.67183013,-34.6614959
10301,10300,Alessi_13,76,4861927653660787456,0,1,1.0,55.66994953,0.00758911,-34.6655896,0.00908387,235.3934004,-52.7837374,32.57676283,0.01018188,-3.15263737,0.01338884,8.86109286,0.01097094,,,0.028732,0.14243,-0.17568,,,,31,-52.3751752,1.3211422,1.1181546,1.0,88819.52932949,65.631096,22961.46440462,83.21352,98862.47593133,165.53935,13.316095,14.436043,12.260317,2.175726,1.119947,1.055778,18.020348,4.788506,1.0,34.0,7.0,11.807092,0.01346481,27.0,,,,NOT_AVAILABLE,0,0,0.56644764,0.65192119,0.66801952,0.7061822,0.71141914,55.66977349,-34.6655756
10302,10301,Alessi_13,76,4861928512654244224,0,1,1.0,55.83380906,0.04110251,-34.6273748,0.05344221,235.3319465,-52.6486579,32.59926688,0.05432334,-3.59359675,0.07078341,8.87249431,0.05940975,,,0.017164,0.050887,-0.25048,,,,31,-52.3890619,1.2113417,1.049794,1.0,3135.23522078,3.3995514,341.54930575,7.651269,4548.54009725,23.149115,16.946692,19.00491,15.603215,3.401694,2.058218,1.343476,,,,,,,,,,,,NOT_AVAILABLE,0,0,0.12697986,0.14021541,0.15959871,0.18692236,0.2135809,55.83363299,-34.6273588
10303,10302,Alessi_13,76,4862114188383929472,0,1,1.0,56.46202498,0.09952193,-33.520233,0.10000882,233.5393922,-52.1017841,32.06938535,0.1453207,-3.62164647,0.15091482,8.88799954,0.13158555,1.3073146,0.02485906,0.018312,0.11383,-0.468,-0.015676,-0.043408,0.065165,95,-51.5431626,,4.435466,1.0,28402.6391412,47.54185,7135.4605378,40.018147,53637.25378582,213.82175,14.55397,15.704988,12.92423,2.780758,1.151017,1.629741,,,,,,,,,,,,NOT_AVAILABLE,0,0,0.34370837,0.40325368,0.44481019,0.51182933,0.53297511,56.46185402,-33.5202169
10304,10303,Alessi_13,76,4862148930375691648,0,1,1.0,55.86635495,0.01163425,-33.5022856,0.01569084,233.479932,-52.5974348,33.44327621,0.01581992,-4.03337752,0.02164007,9.33748691,0.0183466,,,0.098541,0.013276,-0.20933,,,,31,-51.3498863,1.6314551,0.96856683,1.0,9091544.88221718,1802.0355,5575672.01506206,1646.7974,5176285.21440335,1489.3481,8.290772,8.472799,7.96285,0.509949,0.182027,0.327922,21.481394,0.386713,1.0,23.0,1.0,7.838065,0.00538758,22.0,46.541473,1.6524388,22.0,NOT_AVAILABLE,0,0,1.44938355,1.46186744,1.52351161,1.56696948,1.64999,55.8661767,-33.5022676
10305,10304,Alessi_13,76,4862840351391091200,0,1,1.0,54.50496495,0.07471964,-33.5726646,0.08304479,233.5451362,-53.733687,35.37298153,0.09569091,-4.57100042,0.11563159,9.71775713,0.10986285,,,-0.012542,0.063302,-0.27286,,,,31,-51.0044322,1.1880318,1.3513151,1.0,2062.1787199,3.4482012,199.17964774,7.118925,3432.25488232,11.039769,17.40155,19.59043,15.908947,3.681482,2.188879,1.492603,,,,,,,,,,,,NOT_AVAILABLE,0,0,0.10550768,0.1204837,0.13412127,0.15528714,0.17537232,54.50477626,-33.5726442
10306,10305,Alessi_13,76,4862841485262451712,0,1,1.0,54.69428809,0.01714084,-33.6247106,0.02088171,233.6384688,-53.5771092,33.85677437,0.02153836,-4.36594702,0.02970042,9.25322309,0.02658508,,,-0.019126,0.19729,-0.32573,,,,31,-51.1106661,1.2430913,1.0444413,1.0,14809.08434007,8.82512,2211.18003014,11.626333,19801.86389358,26.955832,15.261046,16.976982,14.00613,2.970852,1.715936,1.254916,,,,,,,,,,,,NOT_AVAILABLE,0,0,0.24484548,0.28471281,0.32809168,0.38394954,0.41775805,54.69410738,-33.6246912
10307,10306,Alessi_13,76,4862975728760663168,0,1,1.0,55.35532253,0.06319418,-32.9785963,0.08460926,232.5872852,-53.0044814,32.51309037,0.08309835,-4.05713705,0.12354617,8.86048536,0.10049539,1.1870501,0.0200071,0.012918,0.14237,-0.27667,-0.014873,0.017819,0.073346,95,-50.7080674,,1.045005,1.0,1405.96094055,1.9216541,116.36769524,8.036307,2229.96338787,12.052315,17.817434,20.173962,16.377151,3.79681,2.356527,1.440283,,,,,,,,,,,,NOT_AVAILABLE,0,0,0.09,0.10418442,0.11518315,0.13331944,0.14552186,55.35515028,-32.9785782
10308,10307,Alessi_13,76,4862986277200276224,0,1,1.0,55.25864021,0.02270428,-32.8502015,0.02712922,232.3681046,-53.0800294,35.25650038,0.02917014,-4.91509975,0.03638804,9.70748252,0.03433026,,,0.080828,-0.028699,-0.3399,,,,31,-50.5591596,1.2293382,1.0628188,1.0,8499.14952078,7.4455338,1118.01561028,9.940011,11752.94461943,27.381136,15.863928,17.717422,14.572529,3.144894,1.853495,1.291399,,,,,,,,,,,,VARIABLE,0,0,0.19616799,0.21864086,0.2552358,0.29508209,0.3330217,55.25845368,-32.8501797
10309,10308,Alessi_13,76,4863068740572311040,0,1,1.0,53.89681307,0.00758381,-33.080737,0.00961245,232.6883792,-54.2300614,34.62027699,0.00948699,-5.01145011,0.01331286,9.41326317,0.01187664,,,0.080525,0.071977,-0.16411,,,,31,-50.360274,1.3474292,1.1551127,1.0,149784.62921372,143.41667,44153.20041752,163.56134,156323.06666031,351.04922,12.748699,13.726137,11.762837,1.9633,0.977438,0.985862,18.311195,3.296968,1.0,29.0,5.0,11.298787,0.02182192,24.0,17.57668,23.587645,10.0,NOT_AVAILABLE,0,0,0.65578158,0.70384161,0.71959388,0.73095999,0.74290398,53.89662943,-33.0807148
10310,10309,Alessi_13,76,4863151272663771904,0,1,1.0,54.20046111,0.01516101,-32.6637425,0.01892857,231.9921154,-53.9613458,33.95766873,0.01967138,-4.94009833,0.02646054,9.08126259,0.02325968,,,0.075107,0.068494,-0.2346,,,,31,-50.0651071,1.2481108,1.1065304,1.0,16460.24609536,9.235299,2595.60661788,10.727693,21761.35157198,38.013557,15.146276,16.802944,13.903681,2.899263,1.656668,1.242596,16.259089,3.264108,2.0,19.0,1.0,13.3508215,0.05827227,25.0,,,,NOT_AVAILABLE,0,0,0.25794779,0.29844584,0.34378886,0.40414891,0.43328029,54.20028183,-32.6637205
10311,10310,Alessi_13,76,4882529989008728448,0,1,0.6591060630636878,63.70680836,0.12396809,-33.3347268,0.14702067,233.9195959,-46.0588953,26.79029797,0.17186053,-0.92808968,0.19921465,8.45979061,0.17306878,1.137844,0.03661608,0.13621,0.056823,-0.20519,0.04334,-0.036791,0.06463,95,-53.33422,,1.1501671,1.0,660.7772711,1.3881948,45.24482911,4.8060923,1179.49299303,8.852614,18.63723,21.19962,17.068657,4.130962,2.562389,1.568573,,,,,,,,,,,,NOT_AVAILABLE,0,0,0.09,0.09,0.09,0.09621339,0.11086824,63.70666585,-33.3347227
10312,10311,Alessi_13,76,4886422986021642496,0,1,0.9318949893391044,59.21215634,0.009065,-32.3108343,0.01138687,231.8595836,-49.7204134,29.5178602,0.0113418,-3.32045463,0.01571179,8.78863194,0.01425677,,,0.071382,0.10093,-0.29839,,,,31,-51.1884654,1.3535423,1.0511479,1.0,128391.53792227,115.77354,38550.04733818,138.27446,131937.71143639,277.692,12.916026,13.87348,11.946973,1.926507,0.957454,0.969053,19.698772,2.603389,1.0,30.0,4.0,11.5065975,0.01749242,26.0,25.433844,15.084725,6.0,NOT_AVAILABLE,0,0,0.64028299,0.69286425,0.70947182,0.72100719,0.73223244,59.21200111,-32.3108195
10313,10312,Alessi_13,76,4887052280333229184,0,1,0.6933748033951965,60.2295793,0.10440119,-30.7369275,0.12746543,229.6075612,-48.6885594,28.00539684,0.13777298,-3.4478512,0.17040099,8.06712756,0.16479222,1.0770956,0.03118367,0.14603,0.020772,-0.23655,-0.033812,-0.14328,-0.020761,95,-49.9691099,,1.0301197,1.0,702.29148846,1.0856985,55.48057445,7.4833684,1197.59854808,7.6531167,18.571074,20.97819,17.052118,3.926071,2.407116,1.518955,,,,,,,,,,,,NOT_AVAILABLE,0,0,0.09,0.09,0.09,0.09776674,0.11328336,60.22943449,-30.7369122
10314,10313,Alessi_13,76,4887846063305888384,0,1,0.7969410032831431,56.95249545,0.04624641,-30.1484747,0.06506538,228.160317,-51.4208316,32.77950048,0.06418394,-4.34127066,0.09028483,8.75233309,0.08479498,,,0.081037,0.15948,-0.3322,,,,31,-48.5141514,1.2057748,1.3305908,1.0,3744.05400814,2.478134,384.50974154,9.569955,5541.62957097,14.88661,16.754011,18.876274,15.388802,3.487472,2.122263,1.36521,,,,,,,,,,,,NOT_AVAILABLE,0,0,0.13771595,0.15148826,0.17308861,0.20367736,0.2326852,56.95232697,-30.1484554
10315,10314,Alessi_13,76,4888183475936545536,0,1,0.688393151395133,58.5795161,0.24576369,-29.3622585,0.23976728,227.2220369,-49.91761,27.8972096,0.37815347,-5.48686845,0.31932336,8.22966928,0.32234356,1.1713765,0.06007967,0.076903,0.034164,-0.22231,-0.08972,-0.12998,0.13736,95,-48.2202042,,3.3219466,0.70410156,15265.0953036,41.030804,4779.2261408,38.168266,39224.1104359,169.80365,15.228118,16.140148,13.264012,2.876136,0.91203,1.964106,,,,,,,,,,,,NOT_AVAILABLE,0,0,0.24841884,0.28881203,0.33224871,0.38962455,0.42193711,58.57937384,-29.3622341
10316,10315,Alessi_13,76,4888833115509354496,0,1,0.6302205403575024,62.54142755,0.01072534,-28.6683576,0.01330427,227.0363418,-46.386522,28.72115611,0.0150611,-3.78236268,0.01897772,8.66276758,0.01694358,,,0.15832,-0.018243,-0.42817,,,,31,-48.5771832,1.2784891,1.181036,1.0,40095.1069697,33.102295,7997.77902507,39.065674,49329.8977777,100.54066,14.179639,15.581119,13.01512,2.565999,1.40148,1.164519,23.679407,4.989394,2.0,25.0,4.0,12.42014,0.04168286,23.0,,,,NOT_AVAILABLE,0,0,0.39538208,0.47576053,0.51387518,0.57633678,0.59169054,62.54128206,-28.6683408
10317,10316,Alessi_13,76,4936999799344230400,0,0,0.6195752800688606,33.59886524,0.02364254,-50.1938116,0.02786162,274.0335312,-62.0231156,47.33783982,0.02923432,-7.51487824,0.03488637,11.16963861,0.03137692,,,0.14461,-0.26791,-0.23493,,,,31,-57.7515387,1.2262565,1.0921856,1.0,9654.39614914,63.05148,1240.99005859,29.844418,13448.64753373,230.44026,15.725554,17.604122,14.426199,3.177923,1.878568,1.299356,,,,,,,,,,,,NOT_AVAILABLE,0,0,0.20809698,0.23174317,0.27158026,0.31274617,0.3544333,33.59853661,-50.1937782
10318,10317,Alessi_13,76,4938968337475105152,0,1,0.6994305450705645,38.11530137,0.01738347,-47.9120853,0.01909773,266.2597594,-61.3905925,43.29804794,0.02096508,-4.91576626,0.02291464,10.36286184,0.0220882,,,-0.040256,-0.18021,-0.19247,,,,31,-57.7199965,1.2373134,1.3310149,1.0,30144.79472116,16.833517,4322.72092518,16.556063,40867.32673766,68.67461,14.489336,16.24915,13.219455,3.029695,1.759813,1.269881,24.554855,3.655354,2.0,21.0,5.0,12.649008,0.03743288,17.0,,,,NOT_AVAILABLE,0,0,0.35323732,0.41515052,0.45548375,0.5211316,0.54780687,38.11501427,-47.9120634
10319,10318,Alessi_13,76,4938968406194581760,0,1,0.6933389790177754,38.11493506,0.04005694,-47.9108053,0.04461134,266.257952,-61.3915669,42.23123835,0.04907178,-5.90460228,0.0526001,10.35276519,0.05141132,,,-0.038419,-0.14376,-0.18086,,,,31,-57.7188155,1.1988853,1.3373257,1.0,6755.0742239,6.646416,637.09386902,5.9770656,10257.76244122,25.656294,16.11329,18.328033,14.720264,3.60777,2.214743,1.393027,,,,,,,,,,,,NOT_AVAILABLE,0,0,0.17708161,0.19657965,0.22942242,0.26795864,0.29983371,38.11465504,-47.9107791
10320,10319,Alessi_13,76,4949081507988380800,0,1,0.8896726458479198,43.47087236,0.01631289,-40.1968315,0.01837545,248.1593866,-61.5656852,40.66796497,0.02023165,-7.84444826,0.02437963,10.35609123,0.02296066,,,0.041287,-0.13612,-0.24595,,,,31,-53.2439976,1.2415571,1.0993496,1.0,18040.81089546,8.498974,2623.140128,13.169291,24252.06813867,35.638092,15.046727,16.791489,13.786023,3.005465,1.744762,1.260704,,,,,,,,,,,,NOT_AVAILABLE,0,0,0.28415242,0.32290829,0.35912522,0.43023806,0.46210339,43.47063573,-40.1967966
10321,10320,Alessi_13,76,4949081572411575552,0,1,1.0,43.46616941,0.01267824,-40.1940822,0.0132314,248.1562053,-61.5699478,42.20514508,0.01472991,-6.46433666,0.01569911,10.38697961,0.01660443,,,-0.0095589,-0.056722,-0.26869,,,,31,-53.2398565,1.6142986,0.92560667,1.0,9642037.07283503,1854.6271,5775001.25389743,1786.266,5666867.06828604,2123.9194,8.226945,8.434662,7.864538,0.570124,0.207717,0.362407,17.586916,0.540003,1.0,27.0,1.0,7.7304792,0.00494419,26.0,114.43739,2.6542954,24.0,NOT_AVAILABLE,0,0,1.45196489,1.46742551,1.53488383,1.57312055,1.66386539,43.46592384,-40.1940535
10322,10321,Alessi_13,76,4949158198924393600,0,1,0.8467347942229251,42.71046292,0.02123083,-39.9363476,0.02528329,248.0163918,-62.1996884,42.84600024,0.02701554,-6.02078676,0.03284831,10.43573945,0.03104778,,,0.088607,-0.10761,-0.25959,,,,31,-52.7350271,1.2289995,1.0925281,1.0,10304.34310892,6.2404804,1313.9320803,13.219622,14388.95918424,24.345947,15.654816,17.54211,14.352822,3.189288,1.887295,1.301993,,,,,,,,,,,,NOT_AVAILABLE,0,0,0.21406147,0.23888989,0.27987618,0.32273135,0.36620968,42.71021456,-39.9363208
10323,10322,Alessi_13,76,4949158198924394496,0,1,0.6976350056602912,42.69943687,0.01827638,-39.9322686,0.02016965,248.0137555,-62.2089947,41.88812414,0.02271772,-9.95648152,0.02574087,10.38320979,0.02659477,,,0.10179,-0.17506,-0.25409,,,,31,-52.7273737,1.7403407,0.9853528,1.0,54204437.63508932,15046.23,38931160.8409899,29452.371,23892758.37740201,15187.899,6.35228,6.362799,6.30223,0.060569,0.010519,0.05005,,,,,,,,,,,,NOT_AVAILABLE,0,0,2.38371374,2.42262729,2.54808157,2.66677858,2.93056886,42.69919408,-39.9322244
10324,10323,Alessi_13,76,5044692977555851904,0,1,1.0,46.06547492,0.02488317,-39.3202614,0.02815082,245.3243085,-59.8846043,40.74404884,0.03204408,-5.55313077,0.03825932,10.27672682,0.03340774,,,0.064578,-0.075703,-0.26333,,,,31,-53.4147498,1.2207115,1.0380708,1.0,6737.32029254,4.4497337,826.36686259,7.6840816,9504.14809973,16.418882,16.116148,18.04561,14.803113,3.242497,1.929462,1.313035,,,,,,,,,,,,NOT_AVAILABLE,0,0,0.17708161,0.1960096,0.22942242,0.26742885,0.29876313,46.06524084,-39.3202367
10325,10324,Alessi_13,76,5046046953109557504,0,1,0.910789061361746,44.86367956,0.05522655,-37.2279095,0.0619874,241.5808626,-61.2584291,39.54117057,0.06478234,-6.66019935,0.07418421,9.79558298,0.08387994,,,0.13817,-0.23713,-0.32907,,,,31,-51.1224491,1.1941593,1.1047902,1.0,2260.68457946,1.938946,211.03959709,9.165465,3417.1191484,14.473647,17.301767,19.527632,15.913745,3.613887,2.225864,1.388022,,,,,,,,,,,,NOT_AVAILABLE,0,0,0.10908638,0.12158644,0.13832386,0.15882892,0.18313343,44.86345885,-37.2278799
10326,10325,Alessi_13,76,5046487311812732544,0,1,1.0,48.82150693,0.01027499,-37.0417178,0.01273178,240.1928235,-58.1762141,38.94265949,0.01349213,-5.1844902,0.01911692,10.02815416,0.01513046,,,0.15432,-0.044894,-0.27272,,,,31,-52.3410552,1.6040133,1.0806243,1.0,7164634.84649924,1517.3082,4197675.20472265,2881.7366,4316905.01004878,1758.6781,8.549381,8.78102,8.159965,0.621056,0.231639,0.389417,16.895163,0.539942,1.0,16.0,5.0,8.00825,0.00602018,9.0,47.767395,2.8669968,8.0,NOT_AVAILABLE,0,0,1.3341124,1.38862347,1.43961775,1.48410926,1.56271787,48.82129009,-37.0416948
10327,10326,Alessi_13,76,5046516311431900160,0,1,0.6051335032356039,48.05569662,0.18308365,-37.1042728,0.22852388,240.4734575,-58.7726376,41.47262999,0.2138612,-2.80720457,0.30017146,9.30800812,0.27023914,,,0.25523,-0.057104,-0.29177,,,,31,-52.1342031,1.3102776,25.87146,1.0,71052.73774783,96.36498,17791.57922843,18.519049,84454.2145878,43.041553,13.558414,14.713006,12.431342,2.281664,1.154592,1.127072,28.80544,2.143881,1.0,30.0,8.0,11.906106,0.03476053,22.0,,,,NOT_AVAILABLE,0,0,0.51165617,0.60267219,0.63231153,0.66367542,0.69357936,48.05546551,-37.1042603
10328,10327,Alessi_13,76,5046898769679409152,1,1,1.0,49.75701237,0.04926898,-36.2875837,0.06643059,238.6213169,-57.5185842,36.567402,0.06298916,-4.70500012,0.09937379,9.43740635,0.07682251,,,0.25359,-0.11298,-0.26148,,,,31,-51.9750398,1.1937913,1.0433964,1.0,2271.96260288,2.2549949,220.00952405,6.5836434,3441.0358049,10.920661,17.296364,19.482439,15.906173,3.576266,2.186075,1.390191,,,,,,,,,,,,NOT_AVAILABLE,0,0,0.11020203,0.12279374,0.13856813,0.15953126,0.18373044,49.75681074,-36.2875628
10329,10328,Alessi_13,76,5047006006423045376,1,1,1.0,49.72152726,0.1927926,-36.1303048,0.22195828,238.3349125,-57.5624987,35.19651757,0.26703405,-4.83034893,0.32236072,9.33969668,0.2793531,,,0.22463,-0.14883,-0.28395,,,,31,-51.8201311,1.2275127,10.739719,1.0,13498.29095634,55.425983,1898.9313451,14.937348,20587.35157033,35.21682,15.36167,17.14227,13.963894,3.178375,1.7806,1.397776,20.182587,3.359285,2.0,20.0,6.0,13.190649,0.08304501,19.0,,,,NOT_AVAILABLE,0,0,0.25161623,0.27224122,0.31453111,0.36672036,0.41959393,49.72133358,-36.1302833
10330,10329,Alessi_13,76,5047006006423053440,1,1,1.0,49.720808,0.01091778,-36.127118,0.01453117,238.3291028,-57.5633832,37.20768744,0.01397016,-5.15723407,0.021267,9.58738516,0.01679566,,,0.12599,-0.077263,-0.31351,,,,31,-51.8169915,1.6338899,0.8802748,1.0,10771804.63948455,2013.924,6633745.68788417,2279.1028,6090961.83686836,2638.2053,8.106646,8.284145,7.786181,0.497964,0.1775,0.320465,17.383184,0.177096,1.0,28.0,0.0,7.656961,0.00786854,27.0,40.2742,1.6624465,26.0,NOT_AVAILABLE,0,0,1.50148515,1.50148515,1.57182189,1.60101399,1.71693668,49.72060326,-36.1270951
10331,10330,Alessi_13,76,5047057271152602240,1,1,1.0,50.25817473,0.05594503,-35.3560977,0.06973881,236.8370786,-57.1922077,37.75589321,0.07532298,-5.25599908,0.10751662,9.94132725,0.08567325,,,0.19039,-0.040463,-0.42024,,,,31,-51.2936237,1.2122345,1.040619,1.0,1637.68108184,5.5464525,213.76812676,11.139062,2374.23879527,18.736837,17.651794,19.513685,16.309084,3.204601,1.861891,1.34271,,,,,,,,,,,,NOT_AVAILABLE,0,0,0.09404041,0.10965774,0.12282883,0.13931263,0.15686503,50.25796898,-35.3560744
10332,10331,Alessi_13,76,5047072423797247488,1,1,1.0,49.67879606,0.02600375,-35.643272,0.0335592,237.4353961,-57.6406909,36.53878648,0.03122653,-5.50121987,0.04672283,9.26613322,0.03978227,,,0.039727,-0.011033,-0.22203,,,,31,-51.3624871,1.2174821,1.0435488,1.0,6112.92275299,3.5436275,715.80114894,8.007654,8701.52534775,14.609903,16.221745,18.201561,14.898907,3.302654,1.979816,1.322838,,,,,,,,,,,,NOT_AVAILABLE,0,0,0.17111712,0.18735641,0.21862133,0.25645362,0.28698675,49.67859623,-35.6432475
10333,10332,Alessi_13,76,5047146262875660544,0,1,1.0,48.37118998,0.01487536,-36.1507318,0.01797057,238.5898947,-58.644826,39.28097885,0.0170376,-5.82532869,0.02302198,9.95056045,0.02264981,,,0.1191,-0.11645,-0.19494,,,,31,-51.380948,1.2473497,1.212798,1.0,22781.20364717,12.727736,3522.69247103,13.7262335,30199.09341128,43.96491,14.793426,16.471355,13.547911,2.923445,1.67793,1.245515,42.836582,3.709486,2.0,23.0,3.0,12.949783,0.04729622,22.0,,,,NOT_AVAILABLE,0,0,0.31512151,0.36267756,0.40295158,0.47114284,0.49587804,48.37097378,-36.1507059
10334,10333,Alessi_13,76,5047174506580555008,0,1,1.0,49.13166353,0.01478437,-35.6927489,0.01857375,237.6010305,-58.079165,39.43809458,0.01974113,-6.69642137,0.02727679,9.81777266,0.02204145,,,0.049681,0.073988,-0.2862,,,,31,-51.2235449,1.235558,1.3758746,1.0,31931.55781367,16.139389,4514.00333267,16.341496,43805.30297585,74.38262,14.426817,16.202137,13.144079,3.058058,1.77532,1.282738,,,,,,,,,,,,NOT_AVAILABLE,0,0,0.35482352,0.42606161,0.46659061,0.53144576,0.55137653,49.13144771,-35.6927191
10335,10334,Alessi_13,76,5047174884537676928,0,1,0.8590404626256891,49.1365465,0.01820079,-35.6911981,0.02134686,237.5974253,-58.0753574,40.86732407,0.02272442,-4.39853836,0.0312999,9.77578154,0.0268968,,,0.024921,0.070893,-0.29926,,,,31,-51.2237824,1.7079718,1.1169493,1.0,29175547.48102867,6825.3057,20188667.17266,11774.095,13801027.09363318,5030.025,7.024819,7.075773,6.898117,0.177656,0.050954,0.126702,16.564714,0.606667,1.0,23.0,0.0,6.8356028,0.00466144,23.0,201.16194,3.6543062,23.0,NOT_AVAILABLE,0,1,1.90650736,1.92334633,2.02920123,2.090038,2.30733681,49.13632287,-35.6911785
10336,10335,Alessi_13,76,5049075081147607936,0,1,0.7160543564184443,42.4203809,0.04960925,-36.0785409,0.05975142,239.9759085,-63.4050883,42.40880755,0.06137199,-8.96079471,0.08477929,10.39061392,0.07925997,,,0.1301,-0.14663,-0.40731,,,,31,-49.2147953,1.1717106,0.994882,1.0,1996.05430457,2.7766042,129.47577491,6.8943224,3149.96833155,14.222141,17.436935,20.058071,16.00213,4.055941,2.621136,1.434805,,,,,,,,,,,,NOT_AVAILABLE,0,0,0.10431479,0.11620462,0.13235578,0.15040089,0.17298428,42.42014769,-36.0785011
10337,10336,Alessi_13,76,5050023753524273792,0,1,0.5986953402899665,39.88805694,0.0123681,-35.7207536,0.01521694,240.1599658,-65.4857772,44.87640599,0.01452249,-11.13460809,0.02003826,10.91532476,0.02149125,,,0.19141,-0.21114,-0.35914,,,,31,-47.9669937,1.2467129,1.1023428,1.0,23942.12992744,10.553807,3715.63533656,15.195801,31731.33321291,29.619226,14.73946,16.41346,13.494175,2.919285,1.674,1.245285,23.976582,4.685369,2.0,27.0,3.0,12.836948,0.06168531,27.0,,,,NOT_AVAILABLE,0,0,0.32107711,0.37005309,0.41235621,0.47869625,0.50403054,39.88781128,-35.7207041
10338,10337,Alessi_13,76,5051952743596712832,0,1,0.6895965534631123,43.82525045,0.01170738,-33.7457253,0.01459053,234.5189383,-62.6060615,42.75438432,0.0147932,-9.71454922,0.01910286,10.51186405,0.02100077,,,0.23725,-0.15986,-0.33626,,,,31,-47.6211824,1.2463572,1.1354388,1.0,26541.24556086,12.038307,4111.93327338,11.14148,35131.29122856,41.480553,14.627563,16.303427,13.38366,2.919766,1.675863,1.243903,35.280254,3.407759,2.0,29.0,7.0,12.859724,0.03853276,25.0,,,,VARIABLE,0,0,0.33417942,0.3893671,0.43184147,0.49775286,0.51858857,43.82502192,-33.7456822
10339,10338,Alessi_13,76,5053156704532702720,1,1,0.6674294484238026,50.82125408,0.20431508,-34.5965055,0.25969243,235.3982586,-56.7735943,35.6005851,0.2697572,-5.80849318,0.3777217,10.3740941,0.32121214,1.1478709,0.06293513,0.34656,-0.061937,-0.30029,-0.13629,-0.12615,0.072968,95,-50.7836304,,1.0475625,1.0,262.22258474,0.8410741,32.56285511,4.613807,463.63233408,7.6020756,19.640692,21.556736,18.08246,3.474276,1.916044,1.558231,,,,,,,,,,,,NOT_AVAILABLE,0,0,0.09,0.09,0.09,0.09,0.09,50.82106187,-34.5964797
10340,10339,Alessi_13,76,5053156708828463104,1,1,1.0,50.81602845,0.01316784,-34.5979377,0.01624696,235.401201,-56.7778317,36.26944611,0.01656913,-5.10820237,0.02290954,9.36397763,0.01959879,,,0.12311,-0.033561,-0.27067,,,,31,-50.7832349,1.2508726,1.205422,1.0,23541.13294556,13.627325,3839.84986525,12.278727,30785.77956046,37.8408,14.757798,16.377756,13.52702,2.850736,1.619958,1.230778,,,,,,,,,,,,NOT_AVAILABLE,0,0,0.31988599,0.36847801,0.40941027,0.4769051,0.50111893,50.81583262,-34.597915
10341,10340,Alessi_13,76,5053184918173531008,1,1,1.0,51.2932481,0.00920166,-34.7557642,0.01111499,235.6577962,-56.3791411,35.22467294,0.01133617,-4.89445209,0.01510415,9.48249092,0.01365113,,,0.17137,-0.051188,-0.27763,,,,31,-51.0838103,1.2847712,1.133128,1.0,51126.5557057,42.17361,10566.43775493,38.750195,62109.86468792,107.940384,13.91575,15.278721,12.764994,2.513727,1.36297,1.150757,18.96854,4.378116,2.0,26.0,6.0,12.207439,0.0236673,20.0,,,,NOT_AVAILABLE,0,0,0.44733573,0.51812714,0.56828817,0.61306946,0.63609561,51.29305755,-34.7557425
10342,10341,Alessi_13,76,5053184918173531136,1,1,1.0,51.29235122,0.00778875,-34.7577205,0.00985983,235.6613811,-56.3797967,36.33325149,0.00970451,-5.4825663,0.01358951,9.50797355,0.01191687,,,0.20937,-0.078371,-0.26683,,,,31,-51.0853148,1.2999212,1.1132058,1.0,62544.07078239,47.868828,14286.47464108,52.206554,73499.27844586,165.8559,13.696901,14.951229,12.582188,2.369041,1.254328,1.114714,17.737343,1.663472,2.0,27.0,7.0,12.071508,0.02155487,20.0,,,,NOT_AVAILABLE,0,0,0.48545155,0.58059406,0.6061177,0.65388095,0.67276628,51.29215467,-34.7576961
10343,10342,Alessi_13,76,5053589229213452544,0,1,0.9316916089289219,50.43641488,0.01491262,-33.1641118,0.01953239,232.786955,-57.1286969,37.44675844,0.01801928,-8.86890448,0.02666794,9.90045915,0.02469283,,,0.15413,-0.027056,-0.22748,,,,31,-49.3409682,1.247215,1.1843332,1.0,20029.2522953,9.547897,3177.54546892,29.354017,27292.87312587,145.34483,14.933205,16.583313,13.657772,2.925541,1.650108,1.275433,19.005009,4.901108,2.0,21.0,8.0,13.020286,0.07711097,13.0,,,,NOT_AVAILABLE,0,0,0.29844584,0.34000908,0.37818546,0.44995023,0.47724375,50.43621607,-33.1640724
10344,10343,Alessi_13,76,5053589229215215104,0,1,1.0,50.43682172,0.01399633,-33.1635912,0.01833721,232.7859909,-57.1283603,38.4369414,0.01682711,-4.69049274,0.02486137,9.78225426,0.02313103,,,0.14954,-0.019083,-0.23138,,,,31,-49.3406209,1.2581894,1.2668201,1.0,25799.67032999,12.059273,4426.85201389,29.561344,35556.83969668,322.29974,14.658332,16.223305,13.370587,2.852717,1.564973,1.287744,14.027196,6.359037,2.0,25.0,11.0,12.851181,0.05350184,14.0,,,,NOT_AVAILABLE,0,0,0.33060606,0.3840021,0.42675351,0.49156436,0.51451232,50.43661765,-33.1635703
10345,10344,Alessi_13,76,5053974809902648576,0,1,1.0,50.81424584,0.06727451,-32.7937112,0.09437071,232.1069083,-56.8120613,35.21901752,0.08735214,-5.797337,0.13892588,9.17728858,0.11829048,,,0.16288,0.023535,-0.3034,,,,31,-49.1218242,1.1785303,1.0107288,1.0,1125.14443482,1.3156259,92.64632803,6.9407287,1749.286656,7.415432,18.059345,20.421473,16.640743,3.780729,2.362127,1.418602,,,,,,,,,,,,VARIABLE,0,0,0.09,0.09,0.10521499,0.11621506,0.13298466,50.81405963,-32.7936854
10346,10345,Alessi_13,76,5054013468904883072,0,1,1.0,51.14953718,0.02379284,-32.3647073,0.03094525,231.33299,-56.5239175,36.11786814,0.03014607,-6.23777951,0.04570951,9.39187003,0.03955188,,,0.060168,0.20553,-0.21933,,,,31,-48.8330727,1.2384074,2.7137702,1.0,32452.0497541,19.758211,4697.8844935,14.58079,44287.53528963,67.351425,14.409262,16.158787,13.132192,3.026595,1.749525,1.27707,12.392972,2.768719,2.0,33.0,6.0,12.527642,0.02663179,27.0,,,,NOT_AVAILABLE,0,0,0.35720932,0.42933493,0.46938341,0.5341962,0.55493105,51.14934713,-32.3646796
10347,10346,Alessi_13,76,5054056654799169920,0,1,0.5943834863429772,51.9293779,0.00732236,-32.235493,0.00889872,231.1309749,-55.8616753,36.41784858,0.01010632,-1.70947777,0.0141969,9.50364025,0.01184468,,,0.12344,-0.0071561,-0.41548,,,,31,-48.9614251,1.3774546,1.121274,1.0,249513.90471712,142.19188,82829.8814489,199.81627,242028.40448999,380.8589,12.19463,13.043075,11.28823,1.754845,0.848445,0.9064,20.007315,1.674553,1.0,26.0,4.0,10.8901205,0.0142126,22.0,32.30396,14.320666,21.0,NOT_AVAILABLE,0,0,0.69525342,0.72759146,0.7576054,0.78277113,0.83215682,51.92918655,-32.2354854
10348,10347,Alessi_13,76,5055186063696130176,0,1,1.0,51.00253333,0.00832876,-30.9286013,0.01071358,228.7200279,-56.5934308,35.00665584,0.0112234,-6.60942524,0.01506512,8.99408642,0.01476678,,,-0.00013221,0.18593,-0.35777,,,,31,-47.4546526,1.3424423,1.0729858,1.0,123362.4544377,123.088425,35237.24111293,136.17398,130532.25435722,321.07214,12.95941,13.971038,11.958601,2.012437,1.011628,1.000809,16.073252,2.435761,1.0,31.0,4.0,11.489939,0.01243378,27.0,,,,NOT_AVAILABLE,0,0,0.63396183,0.68909256,0.70682712,0.71895149,0.72932202,51.00235196,-30.9285719
10349,10348,Alessi_13,76,5055197471129219200,0,1,1.0,51.15631725,0.0099248,-30.6897809,0.01332898,228.3024441,-56.4470861,34.55838942,0.01382072,-7.09110054,0.01776194,8.99835834,0.01804314,,,0.19006,-0.035301,-0.37351,,,,31,-47.281418,1.2932671,1.506776,1.0,70096.65775089,41.519634,15559.28150164,45.950485,83335.92413559,127.358025,13.573124,14.858568,12.445815,2.412753,1.285444,1.127309,,,,,,,,,,,,NOT_AVAILABLE,0,0,0.50808281,0.60004125,0.62821748,0.66280438,0.69159716,51.15613864,-30.6897494
10350,10349,Alessi_13,76,5055200426066718976,0,1,0.8204123663363337,51.15443379,0.03152215,-30.6893144,0.04259225,228.3014127,-56.4486724,35.3025839,0.0439325,-6.01941149,0.05640155,8.7172304,0.05705576,,,0.20948,-0.024636,-0.39318,,,,31,-47.2803885,1.2099147,1.46172,1.0,7659.18931467,4.5574193,837.42396897,6.0208845,11169.42414816,16.326096,15.97691,18.03118,14.627818,3.403361,2.05427,1.349092,,,,,,,,,,,,NOT_AVAILABLE,0,0,0.1866248,0.21231482,0.24326697,0.28725052,0.316963,51.15425134,-30.6892876
10351,10350,Alessi_13,76,5055946513425551360,0,1,1.0,54.26448016,0.03589288,-30.7088941,0.04720038,228.6886025,-53.7836532,32.56140858,0.04804135,-5.36383865,0.06409384,8.72044274,0.06038137,,,0.12938,-0.0041995,-0.25261,,,,31,-48.2574214,1.1808552,1.0482302,1.0,3169.99595615,2.2449656,244.33947699,7.8053107,4900.31948159,10.869982,16.934721,19.368559,15.522334,3.846225,2.433838,1.412387,,,,,,,,,,,,NOT_AVAILABLE,0,0,0.12817276,0.14121812,0.16057913,0.18862287,0.21477492,54.26431184,-30.7088703
10352,10351,Alessi_13,76,5056557395213943680,0,1,1.0,52.77296461,0.02005494,-30.6523936,0.0267679,228.4112508,-55.0574494,34.49040648,0.02649468,-6.48476269,0.03456622,9.11801791,0.0356383,,,0.12934,-0.038471,-0.23811,,,,31,-47.7511617,1.2234949,1.1071486,1.0,9701.01815044,5.900736,1224.1057565,8.411617,13569.67620398,21.483934,15.720324,17.618996,14.416472,3.202524,1.898672,1.303852,23.537724,5.124973,2.0,23.0,4.0,13.814927,0.16150849,25.0,,,,NOT_AVAILABLE,0,0,0.20809698,0.23293429,0.27237066,0.31351426,0.3544333,52.77278642,-30.6523648
10353,10352,Alessi_13,76,5056558803963208704,0,1,1.0,52.68037075,0.0117639,-30.5799624,0.01577842,228.27422,-55.1312574,34.04433099,0.01534451,-6.10923643,0.02039958,9.03082712,0.02082387,,,0.14549,0.038552,-0.35084,,,,31,-47.6550052,1.2621465,1.1589575,1.0,27907.1494524,20.07481,4966.70054612,21.722826,35703.69877614,59.05735,14.573078,16.098372,13.366113,2.732259,1.525293,1.206965,7.517051,4.154363,2.0,32.0,3.0,12.748405,0.04702226,33.0,,,,NOT_AVAILABLE,0,0,0.34132613,0.40024163,0.4415841,0.50882056,0.52901998,52.680195,-30.5799352
10354,10353,Alessi_13,76,5056560315790459776,0,1,1.0,52.83683008,0.01218648,-30.5163402,0.01938973,228.1822411,-54.9918704,32.73182984,0.01600177,-6.81213475,0.02458074,9.09980768,0.02441388,,,0.18655,-0.0037755,-0.34493,,,,31,-47.643732,1.5493573,1.5349666,1.0,2311389.99316852,1467.9115,1435817.36655755,6078.4316,1896777.57788494,6132.22,9.777684,9.945794,9.052855,0.89294,0.16811,0.72483,17.94693,0.851603,2.0,9.0,9.0,,,,,,,NOT_AVAILABLE,0,0,1.04918553,1.05364533,1.14185013,1.18561935,1.34889345,52.83666122,-30.5163099
10355,10354,Alessi_13,76,5056578663891978880,0,1,1.0,52.64807384,0.01695315,-30.3349665,0.02206719,227.8430959,-55.1390821,34.01804968,0.0236489,-6.4868565,0.03043712,8.9498808,0.02952116,,,0.086274,0.020009,-0.38436,,,,31,-47.4162365,1.6192391,1.5997112,1.0,10325894.86446338,1789.9237,6220101.35963552,1783.8678,6017245.83789776,1458.0,8.152548,8.354049,7.799401,0.554647,0.201501,0.353147,,,,,,,,,,,,NOT_AVAILABLE,0,0,1.48633663,1.48633663,1.55766876,1.58689111,1.69089211,52.64789866,-30.3349377
10356,10355,Alessi_13,76,5056660336989991680,0,1,1.0,52.2848413,0.01015656,-29.7851769,0.01427794,226.8323347,-55.4027743,34.45756213,0.01380178,-6.95539764,0.01965466,8.99769358,0.01861352,,,0.19189,-0.13312,-0.41531,,,,31,-46.7905453,1.2622138,1.104204,1.0,28462.57460012,36.567078,5034.38321642,29.274591,36345.92213502,116.78687,14.551682,16.083677,13.346756,2.736921,1.531996,1.204925,10.647995,3.125982,2.0,38.0,7.0,12.713344,0.03441669,36.0,,,,NOT_AVAILABLE,0,0,0.34489949,0.40385842,0.44481019,0.51182933,0.5339639,52.28466484,-29.785146
10357,10356,Alessi_13,76,5057367254247434880,0,1,0.6330553470438303,52.79700261,0.00936851,-28.538478,0.01395202,224.7545206,-54.8180341,37.36189182,0.01267906,-5.36710048,0.01844688,10.00187418,0.0192223,,,-0.0069459,0.15621,-0.4345,,,,31,-45.779323,1.324111,1.5538045,1.0,117291.48545708,43.726116,30511.26247044,36.042484,129414.90779771,87.77197,13.0142,14.127392,11.967935,2.159457,1.113192,1.046266,20.77376,0.95069,1.0,45.0,5.0,11.473738,0.01718033,40.0,,,,VARIABLE,0,0,0.63391799,0.68558088,0.70366414,0.71904157,0.73025003,52.79681359,-28.5384541
10358,10357,Alessi_13,76,5058417459651237504,0,1,0.8309282591013001,48.60671358,0.00775841,-30.116803,0.01068694,226.979864,-58.6057562,38.053095,0.01034637,-8.71353096,0.01328306,9.64817505,0.01569707,,,0.10316,0.01217,-0.45285,,,,31,-45.9294541,1.2779871,1.1324092,1.0,47697.92545441,32.901726,9505.4441563,31.620253,58752.73840777,99.191696,13.991118,15.393611,12.825325,2.568286,1.402492,1.165793,17.374563,1.698033,2.0,51.0,8.0,12.269211,0.02750297,43.0,,,,NOT_AVAILABLE,0,1,0.43661566,0.49932393,0.55266371,0.59677715,0.62441794,48.60651806,-30.1167642
10359,10358,Alessi_13,76,5058672202751604480,0,1,0.7135010573529551,46.47763142,0.02380775,-31.1910202,0.0351625,228.9633347,-60.4761226,38.00413826,0.03175997,-8.60468362,0.04520124,9.54256221,0.04919053,,,0.086682,-0.052745,-0.54464,,,,31,-46.2110734,1.1937531,1.0940326,1.0,5672.33768571,3.5217185,523.44379632,6.2803793,8526.29489669,11.572329,16.302961,18.541367,14.920995,3.620372,2.238405,1.381967,,,,,,,,,,,,VARIABLE,0,0,0.16515262,0.18120758,0.21072293,0.24732325,0.27746089,46.47743397,-31.1909819
10360,10359,Alessi_13,76,5058788888423003648,0,1,0.68092344516132,46.50834265,0.02635346,-30.3057758,0.03807965,227.1702892,-60.4263511,37.41593292,0.03805181,-8.0495167,0.05244998,9.23904318,0.05794002,,,0.10241,-0.13314,-0.69791,,,,31,-45.4073817,1.2127345,1.1073745,1.0,4355.75264816,3.127155,489.26995713,5.015996,6278.72228877,14.676485,16.589708,18.614672,15.253218,3.361454,2.024963,1.336491,,,,,,,,,,,,NOT_AVAILABLE,0,0,0.14725914,0.16165729,0.18577252,0.21852748,0.24820744,46.50815003,-30.30574
10361,10360,Alessi_13,76,5060663418310359424,0,1,1.0,51.17955902,0.0233802,-27.5564341,0.02729402,222.6928878,-56.0971017,34.7938457,0.02797143,-8.15174476,0.03304479,8.89244816,0.04674796,,,0.090394,-0.1797,-0.65625,,,,31,-44.3631212,1.2193954,1.0343115,1.0,6566.90993138,14.565694,851.02668408,12.0665245,9237.98100354,64.56719,16.143965,18.013683,14.833953,3.17973,1.869719,1.310012,,,,,,,,,,,,NOT_AVAILABLE,0,0,0.17588871,0.19350523,0.22629756,0.26435649,0.29555139,51.17938459,-27.5563979
10362,10361,Alessi_13,76,5061647446859791872,0,1,0.7276068875118459,51.06604075,0.01586684,-26.2562672,0.02600397,220.3665325,-55.9865793,33.63288691,0.01959953,-10.03801837,0.02718406,8.8739188,0.03583653,,,-0.14987,0.082327,-0.29819,,,,31,-43.108072,1.2577577,2.0202017,1.0,45194.52704307,41.570797,10429.65294176,46.416676,81145.31365398,159.047,14.049652,15.292868,12.474737,2.81813,1.243216,1.574915,,,,,,,,,,,,NOT_AVAILABLE,0,0,0.42708671,0.48842184,0.54022003,0.58714218,0.61598864,51.06587407,-26.2562226
10363,10362,Alessi_13,76,5080091685692619520,0,1,1.0,56.16015979,0.00791181,-29.4877688,0.01035802,226.9661702,-52.0224094,33.09806404,0.01121125,-5.96512495,0.014956,9.29704721,0.01427449,,,0.28024,-0.19725,-0.35164,,,,31,-47.6644319,1.2949183,1.0957115,1.0,60170.25651931,53.951897,13320.30667478,65.86166,71498.59801305,171.59729,13.738913,15.027257,12.612152,2.415105,1.288344,1.12676,5.073764,6.915468,2.0,40.0,5.0,12.084589,0.02311089,35.0,,,,NOT_AVAILABLE,0,0,0.47830483,0.57068307,0.60116687,0.64798085,0.66582858,56.1599908,-29.4877423
10364,10363,Alessi_13,76,5080197479326922112,0,1,0.9888404720893885,56.22166673,0.01607061,-28.8061467,0.02056264,225.882043,-51.8774594,32.41833805,0.01967354,-5.76259568,0.02762253,8.78878919,0.02686898,,,0.011419,0.089033,-0.37845,,,,31,-47.0377611,1.2399198,1.0616142,1.0,13606.12324112,7.012394,2012.20759941,11.497782,18275.48284513,23.72452,15.353031,17.079361,14.093224,2.986137,1.72633,1.259808,24.287376,5.335946,2.0,20.0,6.0,13.42294,0.10614735,25.0,,,,NOT_AVAILABLE,0,0,0.25161623,0.27343234,0.31602226,0.36812503,0.42080927,56.2215023,-28.8061211
10365,10364,Alessi_13,76,5080964663564926592,0,1,0.7851175281428106,57.11987414,0.02660325,-27.2115626,0.03915244,223.5669919,-50.8372448,32.53799656,0.03480011,-6.82696637,0.05413306,9.25856901,0.05073796,,,0.022339,0.1184,-0.41457,,,,31,-45.7768039,1.2057014,0.9992373,1.0,3960.10597881,2.8965366,407.69971057,6.342445,5737.09925662,11.159579,16.6931,18.81269,15.351165,3.461526,2.119591,1.341935,,,,,,,,,,,,NOT_AVAILABLE,0,0,0.14129465,0.15542622,0.17775781,0.20905399,0.23805828,57.11971153,-27.2115322
10366,10365,Alessi_13,76,5081247512931239552,0,1,1.0,55.0248614,0.01271455,-27.8264338,0.01828996,224.0388218,-52.7724283,32.74527597,0.01762853,-7.12656162,0.02610092,8.7795287,0.02567854,,,0.195,-0.04832,-0.35903,,,,31,-45.7683143,1.2498266,1.7468222,1.0,48107.81983133,26.687035,7776.35164523,25.139198,63340.93645893,77.32928,13.981828,15.611603,12.743685,2.867918,1.629775,1.238143,26.639975,3.222818,2.0,36.0,3.0,12.141599,0.01917333,43.0,,,,NOT_AVAILABLE,0,1,0.43780678,0.50130613,0.55481393,0.5985491,0.62526087,55.02469684,-27.8264021
10367,10366,Alessi_13,76,5081271770906555776,0,1,0.8131362527516804,54.55425837,0.04020632,-27.9180806,0.05778129,224.0818348,-53.1976249,33.06045147,0.05464373,-7.74205851,0.07793704,9.34458934,0.08190533,,,0.060401,0.11821,-0.42067,,,,31,-45.7181529,1.2329781,3.7114968,1.0,18091.08797981,13.139505,2531.41881706,10.950528,25141.29798081,28.551762,15.043705,16.830132,13.746926,3.083205,1.786426,1.296779,22.320276,4.477222,2.0,45.0,4.0,13.118349,0.04672956,45.0,,,,NOT_AVAILABLE,0,0,0.26985899,0.32290829,0.35929657,0.4308167,0.44760851,54.55409209,-27.9180461
10368,10367,Alessi_13,76,5081625744931318912,0,1,0.8607927266852307,55.02889798,0.04271622,-26.8134264,0.07016417,222.3926897,-52.597824,32.11640467,0.05840269,-7.1551455,0.09387882,8.47692664,0.09462651,1.1037215,0.01362158,-0.0012364,0.077068,-0.45191,0.00015921,-0.11451,0.18807,95,-44.8111499,,1.0115216,1.0,2523.00618756,1.9658478,220.01300979,4.719879,4004.24871783,8.544445,17.182571,19.482422,15.741593,3.740829,2.299851,1.440978,,,,,,,,,,,,NOT_AVAILABLE,0,0,0.11505087,0.12811581,0.1453924,0.16795929,0.19268558,55.02873805,-26.8133946
10369,10368,Alessi_13,76,5081640790199917696,0,1,0.9323349559113052,54.7169557,0.03253291,-26.7709008,0.05123592,222.240863,-52.8640803,31.87080034,0.04121302,-6.90614234,0.06530895,8.5682043,0.07076179,,,-0.13188,0.25127,-0.51764,,,,31,-44.6811591,1.2027737,0.9815642,1.0,2705.03368266,1.6860564,268.04707705,4.519264,4002.54547694,6.971032,17.106936,19.268015,15.742055,3.52596,2.161079,1.364881,,,,,,,,,,,,NOT_AVAILABLE,0,0,0.11862957,0.13201698,0.1496036,0.17428031,0.19865567,54.71679704,-26.7708701
10370,10369,Alessi_13,76,5082759650657372160,0,1,0.7559442210731694,58.93060362,0.04545583,-25.5017867,0.06547972,221.4751995,-48.9036373,28.20689177,0.05822954,-6.20177123,0.09086961,8.07184177,0.09705245,1.1145103,0.0131761,0.017119,-0.065427,-0.4005,-0.0069404,-0.0045969,0.055095,95,-44.6303497,,0.930525,1.0,1591.70683206,1.3026328,143.70732437,6.6435905,2456.10136269,6.3806667,17.682709,19.944845,16.27228,3.672565,2.262136,1.410429,,,,,,,,,,,,NOT_AVAILABLE,0,0,0.0926936,0.10963996,0.12159872,0.13950794,0.15447699,58.93046472,-25.5017591
10371,10370,Alessi_13,76,5082759650657410560,0,1,0.7525666617355321,58.93336483,0.00731568,-25.491907,0.01035639,221.4613854,-48.8990159,28.22102574,0.00922998,-6.05165054,0.01429385,8.05772932,0.01518323,,,-0.017026,-0.090736,-0.37436,,,,31,-44.6216088,1.2923591,1.0959781,1.0,48236.12970216,66.57795,10430.25104551,64.9714,57627.17396498,201.91634,13.978936,15.292806,12.846327,2.446479,1.31387,1.132609,14.932546,2.744391,2.0,57.0,6.0,12.305184,0.02027886,53.0,,,,NOT_AVAILABLE,0,0,0.43780678,0.50229723,0.5552391,0.59943507,0.62610381,58.93322587,-25.4918801
10372,10371,Alessi_13,76,5083637095296287488,0,1,0.7993912331657439,58.41187629,0.01346939,-24.6544941,0.01862967,220.0530338,-49.1670159,29.2303975,0.02179904,-7.10160742,0.03052622,8.56362202,0.02833593,,,0.15837,-0.066288,-0.54616,,,,31,-43.6835864,1.2510818,1.0696794,1.0,14593.86354655,6.2151885,2344.41128774,9.880775,19295.02541669,16.624472,15.276941,16.913458,14.034282,2.879176,1.636517,1.24266,17.995378,4.853487,2.0,41.0,3.0,13.426834,0.0616652,51.0,,,,NOT_AVAILABLE,0,0,0.24365437,0.2826632,0.32622982,0.3811569,0.41537001,58.41173335,-24.6544625
10373,10372,Alessi_13,76,5083748455208739968,0,1,0.9559010461510767,57.03805918,0.00843229,-24.8273195,0.01189837,219.8639296,-50.4207083,31.18373581,0.01150078,-7.00332,0.01503994,8.45824026,0.01602645,,,0.14257,-0.014014,-0.53836,,,,31,-43.482957,1.2892616,1.2452861,1.0,84148.86518486,64.73709,18037.16113635,55.12504,101247.65859683,180.38515,13.374746,14.698122,12.234433,2.463689,1.323376,1.140313,,,,,,,,,,,,NOT_AVAILABLE,0,0,0.55334533,0.62313473,0.65867497,0.68130437,0.70844584,57.03790648,-24.8272884
10374,10373,Alessi_13,76,5083748558287954944,0,1,0.9022079991926637,57.04009161,0.02703201,-24.8258135,0.03769947,219.8622915,-50.418568,29.75408273,0.03610142,-7.37240544,0.04815221,8.48957568,0.04986406,,,0.081482,0.031929,-0.52735,,,,31,-43.4820697,1.2062266,1.036948,1.0,5555.75121107,3.1902685,591.61324037,7.5638895,8149.90535111,10.886801,16.32551,18.408447,14.970014,3.438434,2.082937,1.355496,,,,,,,,,,,,NOT_AVAILABLE,0,0,0.16395972,0.17915797,0.20838282,0.24451391,0.27507285,57.03994591,-24.8257808
10375,10374,Alessi_13,76,5084149398994695168,0,1,0.6349801019513349,59.80204282,0.0115115,-23.6988751,0.01251293,219.1292966,-47.7020829,32.36296174,0.01518,-7.40210207,0.01727619,9.0115512,0.01874991,,,0.082085,0.0038324,-0.52239,,,,31,-43.123021,1.451049,1.3824623,1.0,413074.13719376,502.40714,175774.79985093,701.84717,344258.42591758,968.38025,11.647297,12.226151,10.905684,1.320466,0.578854,0.741612,17.581596,0.694309,1.0,46.0,10.0,10.595014,0.00782923,32.0,,,,NOT_AVAILABLE,0,0,0.77126586,0.80090375,0.85301328,0.899961,0.93044084,59.80188574,-23.6988422
10376,10375,Alessi_13,76,5085203796286770176,0,1,0.8228973095425713,54.40761386,0.01263425,-25.3888475,0.01731638,219.9055955,-52.8677063,31.60107829,0.01557307,-7.43403167,0.02192479,8.40757719,0.02434666,,,0.095194,-0.0041714,-0.61085,,,,31,-43.2829758,1.256921,1.0743798,1.0,21598.09362048,11.750499,3686.30071955,13.460995,27943.0447804,39.07326,14.851328,16.422066,13.632211,2.789855,1.570738,1.219117,13.649255,4.041362,2.0,44.0,4.0,13.082287,0.0296676,44.0,,,,NOT_AVAILABLE,0,0,0.3079748,0.35305277,0.39268017,0.46354336,0.48830786,54.40745839,-25.3888144
10377,10376,Alessi_13,76,5085340788563825792,0,1,0.9489169748948586,55.32970149,0.01415217,-24.8142802,0.01944381,219.2831657,-51.9279593,33.00691049,0.01758015,-7.88710611,0.02389095,8.95048004,0.02674518,,,0.075685,0.022777,-0.5966,,,,31,-42.9993592,1.250684,1.1241889,1.0,17133.27124184,7.0271473,2746.08985808,8.920604,22485.80943845,20.699326,15.102766,16.741755,13.868124,2.87363,1.638988,1.234642,13.975742,3.702555,2.0,26.0,3.0,13.177155,0.04450852,34.0,,,,NOT_AVAILABLE,0,0,0.26271227,0.3159706,0.34979977,0.42329443,0.43984739,55.32953987,-24.8142451
10378,10377,Alessi_13,76,5087472054414541184,0,1,0.7030339334572401,57.08597054,0.01950461,-22.6607472,0.0232766,216.6087042,-49.8359063,29.4629805,0.02552675,-7.68143308,0.02931075,8.08096936,0.02927211,,,-0.048663,0.033581,-0.35996,,,,31,-41.4244588,1.2511504,1.0313541,1.0,16229.96210004,8.202163,2622.05155934,11.496169,21260.39797327,25.82638,15.161573,16.791939,13.928967,2.862971,1.630365,1.232606,14.103057,3.881858,2.0,22.0,4.0,13.3445,0.05183419,20.0,,,,NOT_AVAILABLE,0,0,0.25675668,0.29598566,0.3414937,0.40142762,0.43148926,57.08582863,-22.660713
10379,10378,Alessi_13,76,5088005248835329792,0,1,0.6917986582652863,55.1674333,0.01114217,-22.5515642,0.01245602,215.6848625,-51.5110628,32.88149196,0.01601727,-9.50783414,0.0174313,9.08227692,0.01782389,,,-0.19623,0.14684,-0.51866,,,,31,-40.798959,1.4682381,0.9846995,1.0,425631.34944918,117.7719,188969.06090789,150.56966,336702.04871579,176.76616,11.614783,12.147566,10.929781,1.217785,0.532783,0.685002,-15.121464,0.48802,1.0,22.0,3.0,10.678152,0.00890444,17.0,7.5972857,4.8051906,17.0,NOT_AVAILABLE,0,0,0.77407521,0.80943594,0.85814111,0.91138728,0.9354101,55.16727506,-22.5515219
10380,10379,Alessi_13,76,5093945085525624448,0,1,0.5874419231753624,57.73343465,0.01252653,-20.8044324,0.0168137,214.1511282,-48.7233263,29.01354723,0.01742777,-8.29950254,0.0230884,7.9664429,0.02214139,1.4898989,0.0044621,-0.053533,0.27459,-0.32329,0.095696,0.028097,0.060157,95,-39.8134309,,1.1746802,1.0,23177.74432361,631.12225,10810.71444926,993.1696,20833.16689809,1340.0526,14.774689,15.253906,13.951007,1.302899,0.479218,0.823682,,,,,,,,,,,,NOT_AVAILABLE,0,0,0.3020192,0.36156116,0.40642975,0.47437631,0.49878964,57.73329671,-20.8043955
